news_link,news_time,news_title,news_type
http://www.chinanews.com/sh/2023/07-14/10042696.shtml,7-14 05:27,不幸罹患热射病哪些保险可以赔？,社会
http://www.chinanews.com/sh/2023/07-14/10043241.shtml,7-14 20:14,“顶流”国宝在北京如何度夏？,社会
http://www.chinanews.com/ty/2023/07-14/10042903.shtml,7-14 13:33,成都大运会进入倒计时 筹备工作成效如何？一起来了解,体育
http://www.chinanews.com/gn/2023/07-14/10043016.shtml,7-14 15:44,阔步迈向网络强国｜守护亿万民众共同的精神家园 ,时政
http://www.chinanews.com/gn/2023/07-15/10043435.shtml,7-15 02:52,中国人权研究会举办主题边会 研讨《维也纳宣言和行动纲领》中国实践,时政
http://www.chinanews.com/cj/2023/07-14/10043246.shtml,7-14 22:11,（“八八战略”观澜）创新改革开放 浙江如何“三箭齐发”谋发展？,财经
http://www.chinanews.com/shipin/cns-d/2023/07-14/news964719.shtml,7-14 17:50,浙江启动国产带状疱疹疫苗接种,视频
http://www.chinanews.com/gn/2023/07-13/10042541.shtml,7-13 21:11,企业“各显神通”探索员工技能培训新模式 技能人才大有可为,时政
http://www.chinanews.com/sh/2023/07-14/10042811.shtml,7-14 10:35,重庆万州：暴雨致山洪暴发 各地开展抗洪抢险工作,社会
http://www.chinanews.com/cj/2023/07-13/10042590.shtml,7-13 22:23,生态资源变资产 广西探索生态产品价值实现路径多元化,财经
news_link,news_time,news_title,news_type
http://www.chinanews.com/gn/2023/07-13/10042541.shtml,7-13 21:11,企业“各显神通”探索员工技能培训新模式 技能人才大有可为,时政
http://www.chinanews.com/cj/2023/07-13/10042536.shtml,7-13 21:08,我国外贸竞争优势稳中加固 电工器材、汽车及其零配件出口表现亮眼,财经
http://www.chinanews.com/gn/2023/07-13/10042527.shtml,7-13 21:04,我国中高技术产品在发展中国家市场上优势和竞争力日益显现,时政
http://www.chinanews.com/cj/2023/07-13/10042524.shtml,7-13 21:02,突破20万亿元！上半年我国外贸进出口总值创历史同期新高,财经
http://www.chinanews.com/gn/2023/07-13/10042485.shtml,7-13 20:59,HICOOL 2023全球创业大赛金融科技赛道初赛启动,时政
http://www.chinanews.com/cj/2023/07-13/10042450.shtml,7-13 20:58,华为出手了！公布专利许可费率，涉及5G手机,财经
http://www.chinanews.com/ll/2023/07-13/10042511.shtml,7-13 20:58,人民论坛网评｜“千万工程”彰显人民至上理念,理论
http://www.chinanews.com/cj/2023/07-13/10042506.shtml,7-13 20:56,防范化解地方债风险不可松懈,财经
http://www.chinanews.com/cj/2023/07-13/10042501.shtml,7-13 20:53,上海银保监局：2023年5月末辖内普惠贷款余额首破万亿元人民币,财经
http://www.chinanews.com/gn/2023/07-13/10042507.shtml,7-13 20:52,【大国新村：沿着总书记的足迹】河北黄骅：盐碱地变成大粮仓,时政
http://www.chinanews.com/sh/2023/07-13/10042487.shtml,7-13 20:52,浙江临海为公益课堂搭“侨” “爱心托班”丰富暑期生活,社会
http://www.chinanews.com/cj/2023/07-13/10042483.shtml,7-13 20:51,青海发布“十不准”：维护旅游市场价格秩序,财经
http://www.chinanews.com/cj/2023/07-13/10042482.shtml,7-13 20:51,云南勐绿高速公路坡脚隧道双幅贯通,财经
http://www.chinanews.com/sh/2023/07-13/10042481.shtml,7-13 20:50,“移动CT远程智能专家影像会诊”助高原地区民众足不出县获精准诊断,社会
http://www.chinanews.com/cj/2023/07-13/10042478.shtml,7-13 20:49,白鹤滩水电站16台百万千瓦机组首次全开并网运行,财经
http://www.chinanews.com/gn/2023/07-13/10042451.shtml,7-13 20:49,林毅夫谈“脱钩断链”“去风险”：杀敌一千，自损至少一千,时政
http://www.chinanews.com/cj/2023/07-13/10042477.shtml,7-13 20:48,广西梧州综合保税区完成首票药食同源进口货物保税仓储业务,财经
http://www.chinanews.com/gn/2023/07-13/10042447.shtml,7-13 20:46,专访林毅夫：“一带一路”倡议为世界提供“稳定的锚”,时政
http://www.chinanews.com/ll/2023/07-13/10042502.shtml,7-13 20:46,【理响中国】高质量发展是新时代中国经济发展的鲜明主题,理论
http://www.chinanews.com/ll/2023/07-13/10042500.shtml,7-13 20:39,求是网评论员：以新气象新作为推动高质量发展取得新成效,理论
http://www.chinanews.com/gn/2023/07-13/10042461.shtml,7-13 20:39,专访马凯硕：美欧能从“一带一路”倡议中学到什么？,时政
http://www.chinanews.com/cj/2023/07-13/10042476.shtml,7-13 20:37,新疆南部盐碱水成功养出南美白对虾 已上市销售,财经
http://www.chinanews.com/cj/2023/07-13/10042456.shtml,7-13 20:36,（经济观察）上半年中国外贸数据凸显五大亮点,财经
http://www.chinanews.com/gn/2023/07-13/10042453.shtml,7-13 20:33,嗦粉观鼓逛夜市 台青感受壮乡风情,时政
http://www.chinanews.com/hr/2023/07-13/10042452.shtml,7-13 20:33,海外华裔青少年中原寻根：唱黄河曲 制非遗香 学少林拳,华人
http://www.chinanews.com/sh/shipin/cns-d/2023/07-13/news964635.shtml,7-13 20:33,中俄边境水域联合增殖放流34万尾鲟鳇鱼苗,视频
http://www.chinanews.com/ga/shipin/cns/2023/07-13/news964634.shtml,7-13 20:32,张骏：中资金融机构是香港长期繁荣不可或缺的一环,视频
http://www.chinanews.com/cj/2023/07-13/10042455.shtml,7-13 20:32,商务部：中国与尼加拉瓜力争7月底前完成自贸协定谈判,财经
http://www.chinanews.com/cj/2023/07-13/10042458.shtml,7-13 20:31,报告称二季度武汉办公楼空置率回落至近三年低位,财经
http://www.chinanews.com/gn/2023/07-13/10042454.shtml,7-13 20:30,重庆首个自主研发大语言模型产品发布,时政
http://www.chinanews.com/sh/shipin/cns-d/2023/07-13/news964633.shtml,7-13 20:30,仲夏时节  “高原蓝宝石”青海湖美景引全国游客打卡,视频
http://www.chinanews.com/sh/2023/07-13/10042479.shtml,7-13 20:29,县里办了诗词大会 冠军小学生的奖品是活鸡活鸭,社会
http://www.chinanews.com/dwq/2023/07-13/10042457.shtml,7-13 20:29,香港将改造部分隔离设施转为培训用途,湾区
http://www.chinanews.com/gn/2023/07-13/10042460.shtml,7-13 20:29,原银监会副主席蔡鄂生受审 一审被控“非法收受财物逾5亿元”,时政
http://www.chinanews.com/gn/2023/07-13/10042443.shtml,7-13 20:28,“第四期中华文化国际青年研习项目”开幕,时政
http://www.chinanews.com/sh/2023/07-13/10042442.shtml,7-13 20:28,两人被困海拔5000米无人区 青海玉树警方历时39小时紧急救援,社会
http://www.chinanews.com/sh/2023/07-13/10042441.shtml,7-13 20:28,“国际纺都”以外调外 “洋娘舅”巧解千家结,社会
http://www.chinanews.com/cj/2023/07-13/10042440.shtml,7-13 20:27,青海首例生鲜空运起运 开辟省内生鲜流通空运渠道,财经
http://www.chinanews.com/sh/shipin/cns-d/2023/07-13/news964632.shtml,7-13 20:26,山东枣庄：台儿庄节制闸开闸泄洪 京杭运河山东枣庄段禁航,视频
http://www.chinanews.com/gj/2023/07-13/10042474.shtml,7-13 20:26,印度总理莫迪抵达法国 将与法总统马克龙共进晚餐,国际
http://www.chinanews.com/cj/shipin/cns-d/2023/07-13/news964630.shtml,7-13 20:23,每年可发2.92亿度电 国内最大电化学储能电站全容量并网投运,视频
http://www.chinanews.com/gj/shipin/cns-d/2023/07-13/news964631.shtml,7-13 20:22,泰国国会总理选举投票未果 将择期再选,视频
http://www.chinanews.com/gn/2023/07-13/10042446.shtml,7-13 20:22,中华人民共和国文化和旅游部2022年文化和旅游发展统计公报,时政
http://www.chinanews.com/yl/shipin/cns-d/2023/07-13/news964629.shtml,7-13 20:22,现代舞诗剧《诗忆东坡》探索中国诗意精神的当代呈现,视频
http://www.chinanews.com/gn/2023/07-13/10042445.shtml,7-13 20:19,东西问丨丘昌仁：“龙狮运动”为何会风靡印尼？,时政
http://www.chinanews.com/gn/shipin/cns/2023/07-13/news964628.shtml,7-13 20:19,2023中国新媒体大会国际传播论坛发布《马栏山倡议》,视频
http://www.chinanews.com/cj/shipin/cns-d/2023/07-13/news964626.shtml,7-13 20:18,商务部回应日本限制出口半导体制造设备新规定：望日方遵守国际经贸规则,视频
http://www.chinanews.com/sh/shipin/cns-d/2023/07-13/news964627.shtml,7-13 20:18,蹇兴超：可建立人才培训机制 与东盟国家共同培育智能领域创新人才,视频
http://www.chinanews.com/ty/shipin/cns-d/2023/07-13/news964625.shtml,7-13 20:16,全国“十四冬”首场比赛开赛,视频
http://www.chinanews.com/sh/shipin/cns-d/2023/07-13/news964624.shtml,7-13 20:15,“京津冀最美湿地”衡水湖：入伏荷盛放 鹭鸟舞翩跹,视频
http://www.chinanews.com/gn/shipin/cns/2023/07-13/news964623.shtml,7-13 20:13,【“一带一路”10周年·访谈】专访马凯硕：美欧能从“一带一路”倡议中学到什么？,视频
http://www.chinanews.com/gn/2023/07-13/10042463.shtml,7-13 20:11,《习近平著作选读》学习笔记：良好的生态环境是最普惠的民生福祉,时政
http://www.chinanews.com/gn/2023/07-13/10042462.shtml,7-13 20:07,阔步迈向网络强国｜推动构建互联网治理体系 习近平提出中国主张,时政
http://www.chinanews.com/gn/2023/07-13/10042444.shtml,7-13 20:06,东西问·镇馆之宝丨田河：为什么说《仪礼》简“简”述华夏交流往事？,时政
http://www.chinanews.com/sh/2023/07-13/10042448.shtml,7-13 19:58,民航官方通报镇江一飞机坠落泥地,社会
http://www.chinanews.com/gn/2023/07-13/10042439.shtml,7-13 19:47,全国大法官研讨班：张军强调以审判工作现代化服务保障中国式现代化,时政
http://www.chinanews.com/cj/2023/07-13/10042438.shtml,7-13 19:42,西藏拉萨市市场主体达167165户,财经
http://www.chinanews.com/cj/2023/07-13/10042436.shtml,7-13 19:42,全国外卖行业首份平台企业集体合同落地“饿了么”,财经
http://www.chinanews.com/tp/2023/07-13/10042402.shtml,7-13 19:36,探访贵州大方奢香博物馆,图片
http://www.chinanews.com/gj/shipin/cns-d/2023/07-13/news964622.shtml,7-13 19:36,美国将推进向土耳其出售F-16战机,视频
http://www.chinanews.com/sh/shipin/cns-d/2023/07-13/news964621.shtml,7-13 19:35,能泡茶会书法 福建提线木偶杂耍展指间绝技,视频
http://www.chinanews.com/cul/2023/07-13/10042432.shtml,7-13 19:35,“高二适书学文脉研究展”启幕 欲扬“兰亭论辩”学术风尚,文化
http://www.chinanews.com/sh/2023/07-13/10042429.shtml,7-13 19:33,浙江省宁波市退役军人创新学院成立 助力创业创新,社会
http://www.chinanews.com/cj/2023/07-13/10042426.shtml,7-13 19:32,青海投入45.19亿民政事业经费保障民生,财经
http://www.chinanews.com/gj/shipin/cns-d/2023/07-13/news964619.shtml,7-13 19:32,北约峰会闭幕 英美官员称乌克兰应对西方国家表达更多“感激”,视频
http://www.chinanews.com/sh/shipin/cns-d/2023/07-13/news964620.shtml,7-13 19:31,重庆大熊猫“营业两小时” 游客顶高温围观,视频
http://www.chinanews.com/cj/2023/07-13/10042425.shtml,7-13 19:31,兰州七里河深挖“百合资源”促旅游 邀客沉浸式体验秀美风光,财经
http://www.chinanews.com/sh/shipin/cns-d/2023/07-13/news964618.shtml,7-13 19:31,江西：小蛇进书店“纳凉”  消防处置放生,视频
http://www.chinanews.com/hr/2023/07-13/10042424.shtml,7-13 19:30,通讯：一位喜欢沉浸式学习的海外华裔学生,华人
http://www.chinanews.com/sh/shipin/cns/2023/07-13/news964617.shtml,7-13 19:29,第十八届中国国际动漫游戏博览会在“热浪”中开幕,视频
http://www.chinanews.com/sh/shipin/cns-d/2023/07-13/news964616.shtml,7-13 19:28,江苏盐城发生轿车撞人事故致2死6伤,视频
http://www.chinanews.com/sh/2023/07-13/10042421.shtml,7-13 19:28,天津自贸法院宣判首起涉知识产权“三合一”刑事案件,社会
http://www.chinanews.com/sh/shipin/cns-d/2023/07-13/news964615.shtml,7-13 19:28,美食美景两不负 重庆市民荷花池畔烫火锅,视频
http://www.chinanews.com/ty/2023/07-13/10042419.shtml,7-13 19:27,浙江金华赛事场馆的“亚运灯”有啥“黑科技”？,体育
http://www.chinanews.com/cj/2023/07-13/10042417.shtml,7-13 19:26,广州税惠政策、税收服务“组合拳”助消费活力持续释放,财经
http://www.chinanews.com/sh/shipin/cns-d/2023/07-13/news964614.shtml,7-13 19:25,下半年北京城市副中心将举办20余项赛事,视频
http://www.chinanews.com/cul/2023/07-13/10042415.shtml,7-13 19:25,粵产舞蹈作品《平湖秋月》亮相第十四届全国舞蹈展演,文化
http://www.chinanews.com/sh/shipin/cns-d/2023/07-13/news964613.shtml,7-13 19:25,同济大学“0001号”本科生录取通知书已送达,视频
http://www.chinanews.com/sh/2023/07-13/10042414.shtml,7-13 19:24,甘肃华亭火龙果“南果北种”：游客爱在“西塬”,社会
http://www.chinanews.com/gn/2023/07-13/10042420.shtml,7-13 19:24,王毅会见越南外长裴青山,时政
http://www.chinanews.com/sh/shipin/cns-d/2023/07-13/news964612.shtml,7-13 19:23,重庆一消防员考上清华硕士研究生：参与过1000余次灭火救援,视频
http://www.chinanews.com/sh/2023/07-13/10042412.shtml,7-13 19:23,云南德宏：警民联手救助野生豹猫幼崽,社会
http://www.chinanews.com/cj/2023/07-13/10042411.shtml,7-13 19:22,第六届中国北方自驾游发展论坛在内蒙古举行,财经
http://www.chinanews.com/gn/2023/07-13/10042413.shtml,7-13 19:21,王毅会见俄罗斯外长拉夫罗夫,时政
http://www.chinanews.com/gj/2023/07-13/10042416.shtml,7-13 19:21,泰国总理选举投票结束 唯一候选人未获足够票数,国际
http://www.chinanews.com/sh/2023/07-14/10043241.shtml,7-14 20:14,“顶流”国宝在北京如何度夏？,社会
http://www.chinanews.com/cj/2023/07-14/10043224.shtml,7-14 20:12,中日两国企业家相聚山东青岛展望合作发展新机遇,财经
http://www.chinanews.com/gn/2023/07-14/10043222.shtml,7-14 20:11,近30位台胞登黄山饱览山川美景,时政
http://www.chinanews.com/sh/2023/07-14/10043221.shtml,7-14 20:10,石家庄“闺阁绣”绣娘：劈线成丝 最细可随水蒸气上下翻飞,社会
http://www.chinanews.com/hr/2023/07-14/10043219.shtml,7-14 20:07,中国驻文莱大使馆发布关于防范电信诈骗的提醒,华人
http://www.chinanews.com/hr/2023/07-14/10043218.shtml,7-14 20:05,驻埃及大使馆提醒中国公民注意高温防暑和消防安全,华人
http://www.chinanews.com/gn/shipin/2023/07-14/news964737.shtml,7-14 20:03,党的二十大精神理论大讲堂 短视频：开辟马克思主义中国化时代化新境界,视频
http://www.chinanews.com/gn/2023/07-14/10043217.shtml,7-14 20:03,通讯：32名台胞盛夏踏访使鹿部落记,时政
http://www.chinanews.com/gj/2023/07-14/10043206.shtml,7-14 20:02,联合国官员：中国在推动可持续发展目标方面担负关键角色,国际
http://www.chinanews.com/gj/2023/07-14/10043204.shtml,7-14 20:02,联合国可持续发展高级别政治论坛能源主题边会在纽约举行,国际
http://www.chinanews.com/gj/2023/07-14/10043163.shtml,7-14 20:01,意大利国家众议院前议长：中欧绿色合作应跳出复杂政治语境,国际
http://www.chinanews.com/life/2023/07-14/10043239.shtml,7-14 20:00,中国内地6月新增报告106例猴痘确诊病例 有何特点？专家解读,生活
http://www.chinanews.com/cul/2023/07-13/10042410.shtml,7-13 19:21,天津音乐学院复排民族歌剧《同心结》礼赞英雄,文化
http://www.chinanews.com/sh/2023/07-13/10042408.shtml,7-13 19:20,游客爬华山云梯踩空跌落 景区：已妥善处理,社会
http://www.chinanews.com/cj/2023/07-13/10042409.shtml,7-13 19:19,1—6月全国办理跨省异地电子缴税超380亿元,财经
http://www.chinanews.com/sh/2023/07-13/10042407.shtml,7-13 19:16,“京津冀最美湿地”衡水湖：入伏荷盛放 鹭鸟舞翩跹,社会
http://www.chinanews.com/cj/2023/07-13/10042406.shtml,7-13 19:14,“陆海空天”立体巡航 天津港解锁“精准探污”密码,财经
http://www.chinanews.com/sh/2023/07-13/10042403.shtml,7-13 19:14,到2025年江苏将建成38个县域肿瘤防治中心,社会
http://www.chinanews.com/gn/2023/07-13/10042401.shtml,7-13 19:12,湖北启动实施科技孵化“沃壤行动”,时政
http://www.chinanews.com/sh/2023/07-13/10042400.shtml,7-13 19:11,甘肃武都：东西协作育桃李 跨越山海共逐梦,社会
http://www.chinanews.com/dwq/2023/07-13/10042398.shtml,7-13 19:10,港中大肝癌疗法研究获成果 将展开二期临床试验,湾区
http://www.chinanews.com/gn/2023/07-13/10042397.shtml,7-13 19:09,“锋刃-2023”国际狙击手射击竞赛：科技应用支撑公正裁评,时政
http://www.chinanews.com/cj/2023/07-13/10042396.shtml,7-13 19:07,中国前六月全社会用电量同比增长5.0%,财经
http://www.chinanews.com/gn/2023/07-13/10042395.shtml,7-13 19:06,台湾6月娱乐费用CPI同比上涨5.77% 创32年来最大涨幅,时政
http://www.chinanews.com/tp/hd2011/2023/07-13/1071912.shtml,7-13 19:05,中国首台大直径双护盾土压组合式盾构机在广州始发,图片
http://www.chinanews.com/cj/2023/07-13/10042405.shtml,7-13 19:05,平安私人银行解答AI时代的教育命题：未来型人才的成长选择,财经
http://www.chinanews.com/dwq/2023/07-13/10042394.shtml,7-13 19:05,香港派出历来最大规模代表团参加成都大运会,湾区
http://www.chinanews.com/dwq/2023/07-14/10043234.shtml,7-14 19:59,综述：香港特区行政立法关系呈现良性互动新气象,湾区
http://www.chinanews.com/gn/shipin/2023/07-14/news964736.shtml,7-14 19:58,【理响中国·青年学习班】微视频丨强国必先强农,视频
http://www.chinanews.com/cj/2023/07-14/10043216.shtml,7-14 19:57,广西抓好“双抢”工作 确保粮食增产丰收,财经
http://www.chinanews.com/gj/2023/07-14/10043227.shtml,7-14 19:56,印度登月“路难行”：月船1号失联，2号失败，3号发射了,国际
http://www.chinanews.com/cj/2023/07-14/10043215.shtml,7-14 19:55,2023年上半年重庆商业市场恢复态势良好,财经
http://www.chinanews.com/cj/2023/07-14/10043214.shtml,7-14 19:54,五省区探讨珠江片区 “江海联动” 加快航运绿色低碳发展,财经
http://www.chinanews.com/cul/2023/07-14/10043213.shtml,7-14 19:51,第七届平遥国际电影展再启“迁徙计划·从文学到影视”,文化
http://www.chinanews.com/cj/2023/07-14/10043212.shtml,7-14 19:50,广西发挥“政金企担”合作机制支持交通物流保通保畅,财经
http://www.chinanews.com/gn/2023/07-14/10043211.shtml,7-14 19:50,原广东省经信委主任赖天生被查 已于多年前退休,时政
http://www.chinanews.com/tp/hd2011/2023/07-14/1071997.shtml,7-14 19:49,印度发射“月船3号”月球探测器,图片
http://www.chinanews.com/cj/2023/07-14/10043205.shtml,7-14 19:48,文旅部：出境团队游平稳有序增长，未发生特、重大安全事故,财经
http://www.chinanews.com/tp/hd2011/2023/07-14/1072007.shtml,7-14 19:47,航拍贵州黔西乌江源百里画廊,图片
http://www.chinanews.com/tp/hd2011/2023/07-14/1072000.shtml,7-14 19:44,（成都大运纪事）打卡成都大运会里的“粉色系”体操比赛训练场,图片
http://www.chinanews.com/cj/2023/07-14/10043201.shtml,7-14 19:40,广东跨境电商进出口额七年增43倍,财经
http://www.chinanews.com/gn/2023/07-14/10043200.shtml,7-14 19:40,周学斌任云南大学党委书记,时政
http://www.chinanews.com/cj/2023/07-14/10043180.shtml,7-14 19:39,云南首份《中国—柬埔寨自贸协定》原产地证书签发,财经
http://www.chinanews.com/cj/2023/07-14/10043179.shtml,7-14 19:36,韩国业界看好韩中“医疗+旅游”产业合作前景,财经
http://www.chinanews.com/gn/2023/07-14/10043178.shtml,7-14 19:35,王毅会见日本外相林芳正,时政
http://www.chinanews.com/gn/2023/07-14/10043174.shtml,7-14 19:33,世界首例！中国科学家成功创制全波段相位匹配晶体,时政
http://www.chinanews.com/cj/2023/07-14/10043246.shtml,7-14 22:11,（“八八战略”观澜）创新改革开放 浙江如何“三箭齐发”谋发展？,财经
http://www.chinanews.com/sh/2023/07-14/10043237.shtml,7-14 22:11,云南警方辗转三省破获特大涉毒案 缴毒73公斤,社会
http://www.chinanews.com/cj/2023/07-14/10043231.shtml,7-14 22:11,央行副行长：中国没有通缩，下半年也不会有通缩风险,财经
http://www.chinanews.com/gn/2023/07-14/10043375.shtml,7-14 22:10,多国驻华使节齐聚哈尔滨共话“一带一路”,时政
http://www.chinanews.com/cj/2023/07-14/10043252.shtml,7-14 22:10,交易商协会召开民营企业融资座谈会,财经
http://www.chinanews.com/dwq/2023/07-14/10043249.shtml,7-14 22:10,香港各项输入人才计划接逾10万宗申请 约六成已获批,湾区
http://www.chinanews.com/sh/2023/07-14/10043248.shtml,7-14 22:09,凉席、喷淋上线 北京动物园开出消夏“凉方”,社会
http://www.chinanews.com/cj/2023/07-14/10043338.shtml,7-14 22:09,宁夏“经济护照”助企业“走南闯北”,财经
http://www.chinanews.com/cul/2023/07-14/10043229.shtml,7-14 22:09,第三届中俄三省州美术交流作品展在黑河启幕,文化
http://www.chinanews.com/cj/2023/07-14/10043339.shtml,7-14 22:08,广西和海南区域联动 加快推进优质科技成果落地东盟,财经
http://www.chinanews.com/sh/2023/07-14/10043175.shtml,7-14 19:31,陕师大17年坚持老教授毛笔手写录取通知书 以笔墨传师情,社会
http://www.chinanews.com/cj/2023/07-14/10043172.shtml,7-14 19:29,“产业+基金”，安徽黄山屯溪为实体经济注入金融“活水”,财经
http://www.chinanews.com/gn/2023/07-14/10043209.shtml,7-14 19:25,教育部体育卫生与艺术教育司原司长王登峰贪污、受贿案一审开庭,时政
http://www.chinanews.com/cj/2023/07-14/10043171.shtml,7-14 19:22,新疆尉犁县：“火红果” 枸杞进入全面采摘期,财经
http://www.chinanews.com/cul/2023/07-14/10043168.shtml,7-14 19:19,广西崇左举办左江花山岩画研讨会 推动宁明花山岩画景区创国家5A级旅游景区,文化
http://www.chinanews.com/ll/2023/07-14/10043208.shtml,7-14 19:17,理论上把握主动是最根本的历史主动,理论
http://www.chinanews.com/sh/shipin/cns-d/2023/07-14/news964735.shtml,7-14 19:17,福建：早稻开镰迎丰收,视频
http://www.chinanews.com/cj/2023/07-14/10043166.shtml,7-14 19:16,山西钢铁行业欲借数字化转型突破困境,财经
http://www.chinanews.com/sh/2023/07-14/10043165.shtml,7-14 19:15,首批心苗计划外籍学员来华“取经” 将在厦门接受心血管专科培训,社会
http://www.chinanews.com/cj/2023/07-14/10043164.shtml,7-14 19:14,Y12F飞机获颁欧盟航空安全局型号合格证,财经
http://www.chinanews.com/gn/2023/07-14/10043188.shtml,7-14 19:13,专访世行前常务副行长冯慧兰：一些针对“一带一路”倡议的批评并非事实,时政
http://www.chinanews.com/cj/2023/07-14/10043203.shtml,7-14 19:12,中经评论：做好“绣花功”，在城市更新中留下记忆,财经
http://www.chinanews.com/gn/2023/07-14/10043391.shtml,7-14 22:08,微视频｜建设网络强国，习近平总书记这样强调,时政
http://www.chinanews.com/cj/2023/07-14/10043340.shtml,7-14 22:08,二季度广州二手住宅成交宗数同比增长超两成,财经
http://www.chinanews.com/dwq/2023/07-14/10043228.shtml,7-14 22:07,粤港澳大湾区（广东）创新创业孵化基地累计引入港澳项目219个,湾区
http://www.chinanews.com/dwq/2023/07-14/10043341.shtml,7-14 22:07,香港特区政府强烈谴责美国国会干涉香港事务,湾区
http://www.chinanews.com/gj/2023/07-14/10043349.shtml,7-14 22:07,国际最新研究：受全球气温升高驱动 制冷需求增加因国家而异,国际
http://www.chinanews.com/gn/2023/07-14/10043351.shtml,7-14 22:06,上海闵行发布23处“统战文化地标”,时政
http://www.chinanews.com/ty/2023/07-14/10043226.shtml,7-14 22:06,西湖亚运观光车全新首发 “水韵潮涌”等三大主题车亮相,体育
http://www.chinanews.com/gn/2023/07-14/10043368.shtml,7-14 22:06,百余台湾学生赴厦门参加金融实习,时政
http://www.chinanews.com/sh/2023/07-14/10043356.shtml,7-14 22:04,重庆万州本轮降雨最强时段已结束 民众齐心协力积极应对,社会
http://www.chinanews.com/gn/2023/07-14/10043333.shtml,7-14 22:03,浙江杭州统一战线：汇聚“新”力量 同心奔共富,时政
http://www.chinanews.com/sh/2023/07-14/10043332.shtml,7-14 22:02,青海：盐湖城少年赴温开启研学之旅,社会
http://www.chinanews.com/ga/shipin/cns-d/2023/07-14/news964760.shtml,7-14 22:02,郑雁雄：中联办为特区依法施政、市民安居乐业服务，当好“超级联络员”,视频
http://www.chinanews.com/dwq/2023/07-14/10043352.shtml,7-14 22:02,香港中企协会组织会员企业赴驻港部队展览中心参观,湾区
http://www.chinanews.com/cj/2023/07-14/10043357.shtml,7-14 22:02,中国农学会葡萄分会第二十七届葡萄学术研讨会在新疆吐鲁番市召开,财经
http://www.chinanews.com/gj/2023/07-14/10043354.shtml,7-14 22:01,国际最新研究发现新的古代亚洲短吻鳄属物种 与扬子鳄亲缘很近,国际
http://www.chinanews.com/cj/2023/07-14/10043372.shtml,7-14 22:01,上海-西宁-果洛代码共享航班开通,财经
http://www.chinanews.com/sh/shipin/cns-d/2023/07-14/news964761.shtml,7-14 22:01,广西柳州：民众防空洞内乘凉避暑,视频
http://www.chinanews.com/cul/2023/07-14/10043378.shtml,7-14 22:01,再次重启！明星云集！张艺谋、易烊千玺、王一博等参与……,文化
http://www.chinanews.com/ty/2023/07-14/10043348.shtml,7-14 22:00,第22届环湖赛最长赛段结束：意大利车手险胜对手夺冠,体育
http://www.chinanews.com/sh/2023/07-14/10043334.shtml,7-14 22:00,西工大团队在“涉水视觉”方面研究取得重要进展,社会
http://www.chinanews.com/ty/shipin/cns-d/2023/07-14/news964762.shtml,7-14 22:00,2023全国帆船冠军赛在辽宁大连开赛,视频
http://www.chinanews.com/ty/shipin/cns-d/2023/07-14/news964733.shtml,7-14 19:12,“听见梦想的声音”歌曲陆续上线 《哎呀蓉宝》熊猫视角打开大运精神,视频
http://www.chinanews.com/gj/shipin/cns-d/2023/07-14/news964732.shtml,7-14 19:10,ChatGPT开发者OpenAI被美联邦贸易委员会调查,视频
http://www.chinanews.com/gj/shipin/cns-d/2023/07-14/news964731.shtml,7-14 19:10,60年首次！好莱坞编剧演员将联手罢工：要后期分红，关切AI复制表演,视频
http://www.chinanews.com/gj/shipin/cns-d/2023/07-14/news964730.shtml,7-14 19:09,印尼外长：印太地区不能成为下一个冲突之地,视频
http://www.chinanews.com/cj/2023/07-14/10043186.shtml,7-14 19:08,威飒上市一周年暨科技版上市音乐会，奏响高雅乐章,财经
http://www.chinanews.com/gj/shipin/cns-d/2023/07-14/news964728.shtml,7-14 19:08,俄“原子城”传出爆炸声！当地官员：乌克兰无人机坠落,视频
http://www.chinanews.com/gn/2023/07-14/10043198.shtml,7-14 19:07,【大国新村：沿着总书记的足迹】福建武平：“林改第一县”的绿色振兴,时政
http://www.chinanews.com/sh/shipin/cns/2023/07-14/news964727.shtml,7-14 19:06,【聚焦中国高质量发展】百年建筑“焕新” 北京如何做好文物活化利用？,视频
http://www.chinanews.com/gn/shipin/cns-d/2023/07-14/news964726.shtml,7-14 19:05,日本用800亿日元补贴福岛涉渔产业 中方：若非心虚为何用“补偿费”息事宁人？,视频
http://www.chinanews.com/cj/2023/07-14/10043184.shtml,7-14 19:04,小米通讯在上交所成功发行短期公司债券 技术赋能支持智能制造产业高质量发展,财经
http://www.chinanews.com/mil/shipin/cns-d/2023/07-14/news964725.shtml,7-14 19:04,国防部：星河璀璨 不容黩武者散布硝烟、鼓动军备竞赛,视频
http://www.chinanews.com/cj/2023/07-14/10043183.shtml,7-14 19:03,当AGI遇上能源企业，会碰撞出什么样的火花？,财经
http://www.chinanews.com/gn/shipin/cns-d/2023/07-14/news964724.shtml,7-14 19:02,《领事保护与协助条例》对今后开展领事保护与协助工作有何重要意义？外交部回应,视频
http://www.chinanews.com/gn/shipin/2023/07-14/news964734.shtml,7-14 19:01,“学习贯彻党的二十大精神”思政微课堂 新时代新征程中国共产党人的使命任务,视频
http://www.chinanews.com/cj/2023/07-14/10043161.shtml,7-14 19:01,乡约福建：永定6000亩芙蓉李迎来丰收季,财经
http://www.chinanews.com/gn/2023/07-14/10043190.shtml,7-14 19:00,大思政课 | 中国科大：“红色+思政”入脑更入心,时政
http://www.chinanews.com/cj/2023/07-14/10043156.shtml,7-14 19:00,内蒙古锡林郭勒盟签约19个重大项目 协议投资金额超160亿元,财经
http://www.chinanews.com/sh/shipin/cns/2023/07-14/news964729.shtml,7-14 19:00,东南大学把非遗彝绣“绣”进录取通知书,视频
http://www.chinanews.com/cj/2023/07-14/10043181.shtml,7-14 18:58,（经济观察）部长密集对话企业 多部委为市场主体“宽心”,财经
http://www.chinanews.com/sh/2023/07-14/10043167.shtml,7-14 18:55,太原官方回应“强制居民使用小程序进行身份认证”：已督导指正,社会
http://www.chinanews.com/shipin/cns-d/2023/07-14/news964719.shtml,7-14 17:50,浙江启动国产带状疱疹疫苗接种,视频
http://www.chinanews.com/cj/2023/07-14/10043118.shtml,7-14 17:49,湖南举行博士后创新创业大赛 引全球英才,财经
http://www.chinanews.com/sh/shipin/cns-d/2023/07-14/news964718.shtml,7-14 17:49,青海：黄南州特殊教育学校收到爱心企业“大礼包”,视频
http://www.chinanews.com/gj/shipin/cns-d/2023/07-14/news964717.shtml,7-14 17:46,中亚安全与合作论坛在哈萨克斯坦举行,视频
http://www.chinanews.com/sh/shipin/cns-d/2023/07-14/news964716.shtml,7-14 17:45,能说会唱！“反诈快板”“反诈脱口秀”亮相南京地铁反诈专列主题车厢,视频
http://www.chinanews.com/cj/shipin/cns-d/2023/07-14/news964715.shtml,7-14 17:44,文旅部：目前出境团队游呈平稳有序增长态势，未发生特、重大海外旅游安全事故,视频
http://www.chinanews.com/sh/shipin/cns-d/2023/07-14/news964714.shtml,7-14 17:43,教育部：留学人员完成学业后，选择回国发展趋势明显,视频
http://www.chinanews.com/shipin/cns/2023/07-14/news964713.shtml,7-14 17:43,胃肠间质瘤患者关爱日 专家：不要轻言放弃,视频
http://www.chinanews.com/tp/2023/07-14/10043373.shtml,7-14 21:59,《红楼梦》画册展长沙开展 爱好者装扮画中人游园,图片
http://www.chinanews.com/gn/shipin/cns-d/2023/07-14/news964759.shtml,7-14 21:59,公安部：“洋垃圾”走私得到有效遏制,视频
http://www.chinanews.com/tp/2023/07-14/10043369.shtml,7-14 21:58,2023赛季超三联赛南京争霸赛火热开赛,图片
http://www.chinanews.com/ty/shipin/cns-d/2023/07-14/news964758.shtml,7-14 21:57,成都大运会体操比赛训练场一片粉红 如梦如幻,视频
http://www.chinanews.com/gn/2023/07-14/10043365.shtml,7-14 21:50,向着网络强国阔步迈进——党的十八大以来我国网信事业发展综述,时政
http://www.chinanews.com/sh/2023/07-14/10043264.shtml,7-14 21:48,湖南南洞庭清理水生物 打造湿地植物种质宝库,社会
http://www.chinanews.com/gn/shipin/2023/07-14/news964757.shtml,7-14 21:44,微视频｜建设网络强国，习近平总书记这样强调,视频
http://www.chinanews.com/gn/2023/07-14/10043358.shtml,7-14 21:43,沈阳市公安局二级警务专员赵明接受审查调查,时政
http://www.chinanews.com/ty/shipin/cns-d/2023/07-14/news964755.shtml,7-14 21:43,“军BA”来了！武警江西总队“强军杯”篮球比赛开赛,视频
http://www.chinanews.com/sh/shipin/cns-d/2023/07-14/news964754.shtml,7-14 21:41,云南临沧警方破获一起特大毒品案 缴毒逾73公斤,视频
http://www.chinanews.com/gj/shipin/cns-d/2023/07-14/news964753.shtml,7-14 21:41,日本冲绳县多个美军基地周边地点有机氟化物检测含量超标,视频
http://www.chinanews.com/shipin/cns/2023/07-14/news964752.shtml,7-14 21:39,京港青少年与吕思清同台演绎中外名曲 港青：琴技和“儿化音”都提高不少,视频
http://www.chinanews.com/sh/shipin/cns-d/2023/07-14/news964751.shtml,7-14 21:38,北京亦庄“火箭街区”飞出全球首枚液氧甲烷运载火箭,视频
http://www.chinanews.com/sh/shipin/cns/2023/07-14/news964756.shtml,7-14 21:37,【滔滔两岸潮】台湾服装设计师变“环保美学师”：在两岸播撒“变废为美”理念火种,视频
http://www.chinanews.com/life/2023/07-14/10043343.shtml,7-14 21:35,《中药饮片标签管理规定》发布 2024年8月1日起施行,生活
http://www.chinanews.com/cj/2023/07-14/10043342.shtml,7-14 21:31,商务部会同有关部门开展本年度第二批中央储备猪肉收储,财经
http://www.chinanews.com/tp/hd2011/2023/07-14/1072020.shtml,7-14 21:29,杭州亚残运会奖牌发布 取名“桂子”,图片
http://www.chinanews.com/gn/2023/07-14/10043329.shtml,7-14 21:27,河南省信阳市原市长尚朝阳接受审查调查,时政
http://www.chinanews.com/sh/2023/07-14/10043245.shtml,7-14 21:24,山西：预计到2030年，将实现全省生活垃圾焚烧能力全覆盖,社会
http://www.chinanews.com/cj/2023/07-14/10043244.shtml,7-14 21:23,宁夏：“经济护照”助力企业“走南闯北”,财经
http://www.chinanews.com/cj/2023/07-14/10043295.shtml,7-14 21:23,海南自贸港全球招商推介活动（泰国站）在海口举办,财经
http://www.chinanews.com/dwq/2023/07-14/10043283.shtml,7-14 21:23,内地6公司斥10亿元支持港城大初创企业计划发展,湾区
http://www.chinanews.com/cj/2023/07-14/10043324.shtml,7-14 21:22,福建最大引调水工程全线通水  为580万人“解渴”,财经
http://www.chinanews.com/sh/2023/07-14/10043316.shtml,7-14 21:22,北京昌平警方辟谣“回龙观某酒店发生命案”,社会
http://www.chinanews.com/ty/2023/07-14/10043301.shtml,7-14 21:21,杭州亚残运会形象宣传片《追梦》发布,体育
http://www.chinanews.com/sh/2023/07-14/10043282.shtml,7-14 21:21,广东茂名首例利用第三方支付平台洗钱系列案侦破,社会
http://www.chinanews.com/ll/2023/07-14/10043182.shtml,7-14 18:54,【理响中国】深化“千万工程” 推动绿水青山转化为金山银山的余村探索,理论
http://www.chinanews.com/tp/2023/07-14/10043176.shtml,7-14 18:53,安徽黄山：清凉黄山醉游人,图片
http://www.chinanews.com/tp/2023/07-14/10043169.shtml,7-14 18:49,高温持续  民众走进南京“防空洞”避暑纳凉,图片
http://www.chinanews.com/ll/2023/07-14/10043177.shtml,7-14 18:48,【理响中国】多边主义是世界和平与发展的必由之路,理论
http://www.chinanews.com/tp/hd2011/2023/07-14/1071992.shtml,7-14 18:48,夏日新疆天山林场：林杉葱郁 绿草如茵,图片
http://www.chinanews.com/tp/hd2011/2023/07-14/1071987.shtml,7-14 18:47,广西梧州武警官兵开展野外多课目训练 锤炼实战能力,图片
http://www.chinanews.com/tp/2023/07-14/10043162.shtml,7-14 18:44,铁路新规遇上暑假“旅游潮” 家长排队给娃“认证”,图片
http://www.chinanews.com/tp/2023/07-14/10043157.shtml,7-14 18:42,走进江西石城大畲村 背靠青山荷池环绕秀美如画,图片
http://www.chinanews.com/gj/2023/07-14/10043160.shtml,7-14 18:42,王毅会见日本外相林芳正,国际
http://www.chinanews.com/tp/2023/07-14/10043158.shtml,7-14 18:42,广西柳州：民众防空洞内乘凉避暑,图片
http://www.chinanews.com/sh/shipin/cns/2023/07-14/news964723.shtml,7-14 18:41,漫条思理 | 中国人跨越千年的“追月之旅”,视频
http://www.chinanews.com/dwq/2023/07-14/10043150.shtml,7-14 18:36,郑雁雄：行政立法良性互动体现香港民主制度优势,湾区
http://www.chinanews.com/tp/2023/07-14/10043155.shtml,7-14 18:32,安徽岳西：葡萄丰收 农户增收,图片
http://www.chinanews.com/gn/shipin/cns-d/2023/07-14/news964712.shtml,7-14 17:42,国防部：坚决反对以霸权行霸道 坚定做更好更强的自己,视频
http://www.chinanews.com/yl/shipin/cns-d/2023/07-14/news964711.shtml,7-14 17:41,2023年中国电影总票房达300.70亿 超去年全年,视频
http://www.chinanews.com/gn/2023/07-14/10043127.shtml,7-14 17:37,马英九邀陆生团访台 台媒曝光9天16地点行程,时政
http://www.chinanews.com/sh/2023/07-14/10043128.shtml,7-14 17:37,王某，已被执行死刑！,社会
http://www.chinanews.com/gn/2023/07-14/10043126.shtml,7-14 17:26,国务院办公厅关于应急管理综合行政执法有关事项的通知,时政
http://www.chinanews.com/gj/shipin/cns/2023/07-14/news964710.shtml,7-14 17:13,澳大利亚汉学家：中国社会愈发自信、开放、稳定丨风华102载·世界观,视频
http://www.chinanews.com/gn/2023/07-14/10043116.shtml,7-14 17:04,原广东省经信委主任赖天生接受纪律审查和监察调查,时政
http://www.chinanews.com/gn/2023/07-14/10043115.shtml,7-14 16:58,中科院科研团队创制出新型光学晶体,时政
http://www.chinanews.com/sh/2023/07-14/10043098.shtml,7-14 16:57,福州海警深夜查缉走私  查获涉案成品油约40吨,社会
http://www.chinanews.com/dwq/2023/07-14/10043101.shtml,7-14 16:57,今年上半年香港录得访港旅客约1300万人次,湾区
http://www.chinanews.com/gn/shipin/cns-d/2023/07-14/news964708.shtml,7-14 16:57,美方再提美政府网络系统遭黑客入侵 中方：美国不要给中国乱扣帽子,视频
http://www.chinanews.com/cj/2023/07-14/10043254.shtml,7-14 21:20,宁夏：让电商成为“万象更新”新动能,财经
http://www.chinanews.com/cj/2023/07-14/10043288.shtml,7-14 21:20,新疆吉木乃口岸创单日出入境车辆历史峰值（图）,财经
http://www.chinanews.com/dwq/2023/07-14/10043304.shtml,7-14 21:19,近百名香港青年走进宁夏感受内地发展变迁,湾区
http://www.chinanews.com/cj/2023/07-14/10043307.shtml,7-14 21:19,证监会指导中国证券业协会发布《证券公司债券业务执业质量评价办法》 强化债券承销分类监管,财经
http://www.chinanews.com/cj/2023/07-14/10043297.shtml,7-14 21:17,证监会指导发布评价办法 强化债券承销分类监管,财经
http://www.chinanews.com/gn/2023/07-14/10043294.shtml,7-14 21:17,两岸科技创新界人士共话融合发展,时政
http://www.chinanews.com/cul/2023/07-14/10043303.shtml,7-14 21:17,舞剧《五星出东方》亮相武汉,文化
http://www.chinanews.com/sh/2023/07-14/10043319.shtml,7-14 21:16,云南：AI赋能野生动物观测 助力生物多样性保护,社会
http://www.chinanews.com/ty/2023/07-14/10043292.shtml,7-14 21:14,杭州亚残运会迎倒计时100天,体育
http://www.chinanews.com/cj/2023/07-13/10042590.shtml,7-13 22:23,生态资源变资产 广西探索生态产品价值实现路径多元化,财经
http://www.chinanews.com/sh/shipin/2023/07-13/news964651.shtml,7-13 22:23,万人说新疆｜摄影记者海沙尔：走出新疆，望故乡,视频
http://www.chinanews.com/gj/2023/07-13/10042624.shtml,7-13 22:23,美国未成年移民被拘期间死亡：系今年第四起 移民拘留设施条件引担忧,国际
http://www.chinanews.com/gn/2023/07-13/10042583.shtml,7-13 22:22,院士、专家、学者、企业家齐聚拉萨共话西藏生态产业高质量发展,时政
http://www.chinanews.com/sh/shipin/2023/07-13/news964650.shtml,7-13 22:22,望长江｜青海：高原明珠碧水长,视频
http://www.chinanews.com/gj/2023/07-13/10042622.shtml,7-13 22:21,【透视】美媒：美国政府称通货膨胀正在缓解，百姓无感，依旧苦不堪言,国际
http://www.chinanews.com/gn/shipin/2023/07-13/news964649.shtml,7-13 22:20,建设网络强国 助力民族复兴——以习近平同志为核心的党中央引领网信事业发展述评,视频
http://www.chinanews.com/gn/2023/07-13/10042563.shtml,7-13 22:19,洞庭湖城陵矶站现历史同期最低水位,时政
http://www.chinanews.com/gn/2023/07-13/10042571.shtml,7-13 22:19,航天专家：未来固体火箭应瞄准微小型卫星细分发射市场,时政
http://www.chinanews.com/gn/2023/07-13/10042617.shtml,7-13 22:18,大运来了 | 从交通工具到场馆设施 绿色低碳理念贯穿大运会,时政
http://www.chinanews.com/cj/2023/07-13/10042581.shtml,7-13 22:18,“制造业大市”宁波加“数”前进：聚焦推动数实融合,财经
http://www.chinanews.com/sh/2023/07-13/10042594.shtml,7-13 22:18,11国青少年上海体验中医非遗 感受千年传承中医妙法,社会
http://www.chinanews.com/sh/2023/07-13/10042530.shtml,7-13 22:17,福州马尾口岸远洋捕捞丰收 渔船载18700吨渔获入境,社会
http://www.chinanews.com/gn/2023/07-13/10042595.shtml,7-13 22:17,“中国摄影艺术乡村”共建活动启动,时政
http://www.chinanews.com/gn/2023/07-13/10042521.shtml,7-13 22:17,中国遥感应用事业发展蓝皮书：中国各型遥感卫星发射近300颗,时政
http://www.chinanews.com/gn/2023/07-13/10042580.shtml,7-13 22:17,黄河源头青海实施水土流失综合治理、强化水域岸线管理,时政
http://www.chinanews.com/gn/2023/07-13/10042574.shtml,7-13 22:16,海内外青年汇聚苍山洱海 共话保护生物多样性,时政
http://www.chinanews.com/cul/2023/07-13/10042528.shtml,7-13 22:16,话剧《人间正道是沧桑》亮相2023国家大剧院国际戏剧季,文化
http://www.chinanews.com/cj/2023/07-13/10042573.shtml,7-13 22:16,持续高温带火“夏日经济” 广东人热衷防晒和反季节滑雪,财经
http://www.chinanews.com/cj/2023/07-13/10042526.shtml,7-13 22:15,2023广州米其林指南发布 收录119家餐厅,财经
http://www.chinanews.com/sh/2023/07-13/10042567.shtml,7-13 22:15,中外学生奔赴青海村镇开展义诊,社会
http://www.chinanews.com/cj/2023/07-13/10042565.shtml,7-13 22:15,网约送餐行业全国首个全网职代会、首份全网集体合同在沪落地,财经
http://www.chinanews.com/gn/2023/07-13/10042564.shtml,7-13 22:14,中马建交50周年文化经贸交流推介会昆明举行,时政
http://www.chinanews.com/sh/2023/07-13/10042525.shtml,7-13 22:14,江苏“心佑工程”助力西藏先心病患者护心之旅,社会
http://www.chinanews.com/cj/2023/07-13/10042523.shtml,7-13 22:14,湖北在航天产业发展赛道上加速奔跑,财经
http://www.chinanews.com/gn/2023/07-13/10042520.shtml,7-13 22:13,林百里以94亿美元身价成为台湾新首富,时政
http://www.chinanews.com/cj/2023/07-13/10042522.shtml,7-13 22:13,中国税务机关曝光五起涉及个税案件,财经
http://www.chinanews.com/ty/2023/07-14/10042903.shtml,7-14 13:33,成都大运会进入倒计时 筹备工作成效如何？一起来了解,体育
http://www.chinanews.com/gj/2023/07-14/10042902.shtml,7-14 13:32,美“逢中必反症”荒诞至极祸害至深！,国际
http://www.chinanews.com/gj/2023/07-14/10042901.shtml,7-14 13:32,中企承建南亚最大单体污水处理厂竣工 孟加拉国五百万民众受益,国际
http://www.chinanews.com/gj/2023/07-14/10042897.shtml,7-14 13:31,龙卷风和强雷暴袭击加拿大渥太华等地,国际
http://www.chinanews.com/sh/2023/07-14/10042922.shtml,7-14 13:30,黑龙江一猪场因停电致460余头猪死亡？官方通报,社会
http://www.chinanews.com/sh/2023/07-14/10042918.shtml,7-14 13:26,热带低压生成！或成为今年首个登陆我国的台风,社会
http://www.chinanews.com/ty/shipin/2023/07-14/news964684.shtml,7-14 13:25,俯瞰夜色中的大运场馆 梦想舞台流光溢彩,视频
http://www.chinanews.com/gn/2023/07-14/10043148.shtml,7-14 18:32,国防部：反对任何形式的太空军备竞赛,时政
http://www.chinanews.com/gn/2023/07-14/10043145.shtml,7-14 18:30,国防部：俄舰艇编队访问上海并与中方举行联合演练,时政
http://www.chinanews.com/gj/2023/07-14/10043154.shtml,7-14 18:30,墨西哥恰帕斯州沿岸近海附近发生6.5级左右地震,国际
http://www.chinanews.com/cj/2023/07-14/10043153.shtml,7-14 18:22,央行谈提前还房贷：支持鼓励银行与借款人自主协商变更合同,财经
http://www.chinanews.com/gj/2023/07-14/10043105.shtml,7-14 18:21,中国（漳州）—菲律宾经贸合作交流会马尼拉举行,国际
http://www.chinanews.com/gj/2023/07-14/10043147.shtml,7-14 18:21,俄乌局势进展：美国防部证实集束弹药已运抵乌克兰 普京提出黑海运粮协议延长条件,国际
http://www.chinanews.com/cj/2023/07-14/10043152.shtml,7-14 18:17,中央企业加快发展战略性新兴产业 上半年投资同比增长超40%,财经
http://www.chinanews.com/gj/2023/07-14/10043078.shtml,7-14 18:17,美国“国会山骚乱”调查又有新进展，特朗普女婿作证,国际
http://www.chinanews.com/gn/2023/07-14/10043146.shtml,7-14 18:16,“锋刃-2023”国际狙击手射击竞赛：水上狙击如何“不简单”？,时政
http://www.chinanews.com/tp/hd2011/2023/07-14/1071982.shtml,7-14 18:15,河北石家庄“非遗”刺绣：“以针代笔 以线代色”展现传统技艺,图片
http://www.chinanews.com/gn/2023/07-14/10043129.shtml,7-14 18:13,服务经济社会高质量发展 打造贵州统战工作新品牌,时政
http://www.chinanews.com/gj/2023/07-14/10043144.shtml,7-14 18:10,沉浸在冷战旧梦中的北约危害世界和平稳定,国际
http://www.chinanews.com/cul/2023/07-14/10043125.shtml,7-14 18:07,2023年中国内地电影票房破300亿元,文化
http://www.chinanews.com/ty/2023/07-14/10043124.shtml,7-14 18:03,白衣天使跨界杭州亚运会裁判：希望更多人爱上软式网球,体育
http://www.chinanews.com/sh/2023/07-14/10042696.shtml,7-14 05:27,不幸罹患热射病哪些保险可以赔？,社会
http://www.chinanews.com/sh/2023/07-14/10042695.shtml,7-14 05:26,孩子暑假玩网游家长宜“疏”不宜“禁”,社会
http://www.chinanews.com/sh/2023/07-14/10042694.shtml,7-14 05:22,所学专业“不香了”？ 网友自建“后悔”小组互助,社会
http://www.chinanews.com/sh/2023/07-14/10042693.shtml,7-14 05:20,曾是全国最小双肺移植患者 小佳佳如今年年得奖,社会
http://www.chinanews.com/gj/2023/07-14/10042692.shtml,7-14 05:20,美媒：特勤局已结束对白宫发现可卡因的调查 尚未确认嫌疑人,国际
http://www.chinanews.com/gj/2023/07-14/10042691.shtml,7-14 05:20,普京：所有对俄承诺得到兑现后才会延长“粮食协议”,国际
http://www.chinanews.com/cj/2023/07-14/10042690.shtml,7-14 05:16,16台百万千瓦机组首次全开并网运行,财经
http://www.chinanews.com/cul/2023/07-14/10042689.shtml,7-14 05:16,文化新业态精彩纷呈  数字技术推动文化创新,文化
http://www.chinanews.com/cul/2023/07-14/10042688.shtml,7-14 05:16,在传承发展中赓续中华美学,文化
http://www.chinanews.com/cj/2023/07-14/10042687.shtml,7-14 05:13,阿根廷企业期待人民币账户为发展增添新动能,财经
http://www.chinanews.com/gj/2023/07-14/10042686.shtml,7-14 05:13,巴以冲突再起：旧怨未息又添新伤 暴力循环何时了,国际
http://www.chinanews.com/cj/2023/07-14/10042685.shtml,7-14 05:13,上半年外贸稳中提质符合预期,财经
http://www.chinanews.com/cj/2023/07-14/10042684.shtml,7-14 05:13,上半年快递业务量超600亿件,财经
http://www.chinanews.com/sh/2023/07-14/10042683.shtml,7-14 04:58,婴幼儿配方乳粉产品迎来注册强监管时代,社会
http://www.chinanews.com/sh/2023/07-14/10042682.shtml,7-14 04:57,未成年人代打市场调查 代打游戏成了工作,社会
http://www.chinanews.com/sh/2023/07-14/10042811.shtml,7-14 10:35,重庆万州：暴雨致山洪暴发 各地开展抗洪抢险工作,社会
http://www.chinanews.com/life/2023/07-14/10042798.shtml,7-14 10:35,热~热~热~ 高温天气出门防暑措施要做好,生活
http://www.chinanews.com/ty/2023/07-14/10042803.shtml,7-14 10:34,女子接力反超日本队夺冠 田径亚锦赛中国队两日取三金,体育
http://www.chinanews.com/gn/2023/07-14/10042795.shtml,7-14 10:34,坐着火车去旅行！高铁新线路让暑期出游有了新选择,时政
http://www.chinanews.com/sh/2023/07-14/10042790.shtml,7-14 10:33,一刻钟的时间尺度 也是身边的舒适感受,社会
http://www.chinanews.com/cj/2023/07-14/10042788.shtml,7-14 10:33,产业升级 科技创新 让一块煤奔向“星辰大海”,财经
http://www.chinanews.com/sh/2023/07-14/10042808.shtml,7-14 10:30,重庆启动地质灾害Ⅱ级应急响应,社会
http://www.chinanews.com/gn/2023/07-14/10042800.shtml,7-14 10:30,台军演习装甲车炮管撞上道路反光镜 军方：没反应过来、别太苛责,时政
http://www.chinanews.com/sh/2023/07-14/10042802.shtml,7-14 10:24,“人贩子”余华英今受审：卖私生子后又拐卖十多名儿童,社会
http://www.chinanews.com/gj/2023/07-14/10042791.shtml,7-14 10:21,中国常驻联合国代表严厉驳斥北约对中国的不实指责,国际
http://www.chinanews.com/gj/2023/07-14/10042783.shtml,7-14 10:20,俄媒披露普京会见瓦格纳成员细节 普京：瓦格纳并不存在,国际
http://www.chinanews.com/cj/2023/07-14/10042793.shtml,7-14 10:20,京东CEO许冉：无应用支撑，很多AI没创造很大价值,财经
http://www.chinanews.com/cj/2023/07-14/10042796.shtml,7-14 10:19,10个专题论坛超50名嘉宾演讲 贝壳财经夏季峰会在京启幕,财经
http://www.chinanews.com/cul/shipin/cns/2023/07-14/news964669.shtml,7-14 10:17,【何以中国】世界遗产@中国丨只此青绿的黄山如何续写山水传奇？,视频
http://www.chinanews.com/gn/2023/07-14/10042789.shtml,7-14 10:13,“文化传承发展 探源中华文明”主题新时代大讲堂在辽宁省朝阳市成功举办,时政
http://www.chinanews.com/sh/2023/07-14/10042786.shtml,7-14 10:11,凭录取通知书领一架“飞机”？网友：看完细节不想过暑假了,社会
http://www.chinanews.com/sh/2023/07-14/10043100.shtml,7-14 16:55,降雨导致环湖赛第六赛段道路中断 公路部门连夜抢修保通,社会
http://www.chinanews.com/gj/shipin/cns-d/2023/07-14/news964709.shtml,7-14 16:55,韩国多地出现强降雨 首尔市多条道路被淹,视频
http://www.chinanews.com/sh/2023/07-14/10043103.shtml,7-14 16:55,上半年中国接报火灾55万起 直接财产损失39.4亿元,社会
http://www.chinanews.com/tp/2023/07-14/10043094.shtml,7-14 16:54,探访江西石城灯彩展示馆 集中展示国家级非遗石城灯会之灯彩,图片
http://www.chinanews.com/tp/2023/07-14/10043095.shtml,7-14 16:53,长春近千名消防救援人员实战演练备战汛期抗洪抢险,图片
http://www.chinanews.com/tp/hd2011/2023/07-14/1071979.shtml,7-14 16:52,福冈游泳世锦赛：中国选手林珊晋级跳水女子1米板决赛,图片
http://www.chinanews.com/cul/2023/07-14/10043099.shtml,7-14 16:52,广州革命文物国画展在高剑父纪念馆开幕,文化
http://www.chinanews.com/gn/2023/07-14/10043110.shtml,7-14 16:52,多家银行开始受理2023年度国家助学贷款,时政
http://www.chinanews.com/cul/2023/07-14/10043104.shtml,7-14 16:51,《好团圆》官宣阵容 白百何、李纯、王玉雯演绎三姐妹,文化
http://www.chinanews.com/cul/2023/07-14/10043102.shtml,7-14 16:50,《难哄》预计今年开机 哇唧唧哇发布综艺音乐影视新计划,文化
http://www.chinanews.com/cj/2023/07-14/10043058.shtml,7-14 16:49,全国总工会：今年年底全国工会户外劳动者服务站点达到15万个,财经
http://www.chinanews.com/cj/2023/07-14/10043096.shtml,7-14 16:48,设计赋能社区 上海首个以“城市家具”为主题的公园揭牌,财经
http://www.chinanews.com/sh/2023/07-14/10043097.shtml,7-14 16:48,今年以来全国缉私部门立案侦办走私等案件2520起 案值663.5亿元,社会
http://www.chinanews.com/cj/2023/07-14/10043093.shtml,7-14 16:45,今年上半年超48万辆汽车经上海外港海通码头出口海外,财经
http://www.chinanews.com/gn/2023/07-14/10043084.shtml,7-14 16:40,司法服务高效、利民 诉讼事务全流程“掌上办”,时政
http://www.chinanews.com/gj/shipin/cns-d/2023/07-14/news964707.shtml,7-14 16:40,日本一火箭试验场进行发动机点火测试时发生爆炸,视频
http://www.chinanews.com/ty/2023/07-14/10043268.shtml,7-14 21:14,贵州：加强“村BA”“村超”品牌培育和知识产权保护工作,体育
http://www.chinanews.com/gn/2023/07-14/10043323.shtml,7-14 21:14,7月16日0时起全国进入“七下八上”防汛关键期 水利部安排部署防汛关键期重点工作,时政
http://www.chinanews.com/ty/2023/07-14/10043267.shtml,7-14 21:13,《文明亚运市民手册》杭州发布 为“东道主”普及亚运知识,体育
http://www.chinanews.com/cul/2023/07-14/10043266.shtml,7-14 21:13,台湾风雅颂古筝乐团来皖交流民乐文化艺术,文化
http://www.chinanews.com/gn/2023/07-14/10043262.shtml,7-14 21:12,以茶会友 两岸茶人聚首福建漳州话合作,时政
http://www.chinanews.com/cj/2023/07-14/10043243.shtml,7-14 21:11,上期所：上市合成橡胶期货及期权将助力行业转型升级与高质量发展,财经
http://www.chinanews.com/gn/2023/07-14/10043285.shtml,7-14 21:11,教育部：支持建设国家轨道交通装备行业产教融合共同体,时政
http://www.chinanews.com/gn/2023/07-14/10043322.shtml,7-14 21:08,教育部职业教育与成人教育司负责人就《教育部关于支持建设国家轨道交通装备行业产教融合共同体的通知》答记者问,时政
http://www.chinanews.com/tp/2023/07-14/10043318.shtml,7-14 21:06,云南宜良彩色水稻迎观赏期 展乡村多彩画卷,图片
http://www.chinanews.com/gn/2023/07-14/10043275.shtml,7-14 21:05,东西问·汉学家丨埃及汉学家 ：中国小说《捎话》在中东火“出圈”有何“绝活”？,时政
http://www.chinanews.com/shipin/cns-d/2023/07-14/news964750.shtml,7-14 21:05,铁路新规遇上暑假“旅游潮” 家长排队给娃“认证”,视频
http://www.chinanews.com/ga/shipin/cns/2023/07-14/news964749.shtml,7-14 21:04,滑板少年维港炫技 多国选手同台表演架起沟通桥梁,视频
http://www.chinanews.com/mil/shipin/cns-d/2023/07-14/news964748.shtml,7-14 20:59,挑战性趣味性相结合 来看“锋刃-2023”国际狙击手射击竞赛挑战狙击课目,视频
http://www.chinanews.com/gj/2023/07-14/10043286.shtml,7-14 20:59,泰王国驻南宁总领事馆在南宁开展公益献血活动,国际
http://www.chinanews.com/tp/2023/07-14/10043306.shtml,7-14 20:58,杭州西湖荷花已至最佳观赏期,图片
http://www.chinanews.com/tp/hd2011/2023/07-14/1072016.shtml,7-14 20:54,世界首例！中国科学家成功创制全波段相位匹配晶体,图片
http://www.chinanews.com/gn/2023/07-14/10043274.shtml,7-14 20:52,东西问·镇馆之宝丨陈振裕：你知道越王勾践剑考古发现的那些事儿吗？,时政
http://www.chinanews.com/gj/2023/07-14/10043281.shtml,7-14 20:49,“态度180度大转变”：克宫称考虑给予瓦格纳组织合法地位,国际
http://www.chinanews.com/sh/shipin/cns-d/2023/07-14/news964747.shtml,7-14 20:42,重庆万州再现超200毫米降雨 武警官兵雨夜驰援,视频
http://www.chinanews.com/gn/2023/07-13/10042610.shtml,7-13 22:13,阔步迈向网络强国｜因势而谋 应势而动 顺势而为 习近平强调筑牢网络安全防线,时政
http://www.chinanews.com/gn/2023/07-13/10042519.shtml,7-13 22:12,七部门出台措施促进生成式人工智能健康发展,时政
http://www.chinanews.com/gn/2023/07-13/10042518.shtml,7-13 22:11,王毅会见越南外长裴青山,时政
http://www.chinanews.com/dwq/2023/07-13/10042517.shtml,7-13 22:10,香港建造业外劳计划下周开始接受申请,湾区
http://www.chinanews.com/gn/2023/07-13/10042516.shtml,7-13 22:09,马英九73岁生日感言：促成大陆师生访台就是最好礼物,时政
http://www.chinanews.com/cul/2023/07-13/10042591.shtml,7-13 22:07,舞剧《10909》将首次亮相全国舞蹈展演 艺术再现科技探索深海之美,文化
http://www.chinanews.com/dwq/2023/07-13/10042592.shtml,7-13 22:07,澳门今年第二季旅游物价指数同比升19.47%,湾区
http://www.chinanews.com/cj/2023/07-13/10042578.shtml,7-13 22:06,（高质量发展调研行）探秘“科技特种兵”如何构建京津冀协同创新共同体？,财经
http://www.chinanews.com/cj/2023/07-13/10042514.shtml,7-13 22:05,林毅夫谈中国经济前景：到2035年实现年均5%-6%的实际增长完全有可能,财经
http://www.chinanews.com/gn/2023/07-13/10042512.shtml,7-13 22:03,马凯硕：一些西方国家必须仔细反思不参与“一带一路”倡议是否明智,时政
http://www.chinanews.com/cj/2023/07-13/10042515.shtml,7-13 22:01,中国稻谷、小麦、玉米三大粮食农业保险再次扩容,财经
http://www.chinanews.com/cj/2023/07-13/10042576.shtml,7-13 22:00,海南首宗“净矿+增减挂钩+全流程电子化”采矿权出让,财经
http://www.chinanews.com/sh/shipin/cns-d/2023/07-13/news964646.shtml,7-13 21:59,重庆一高校军训上演手语灯光秀,视频
http://www.chinanews.com/gj/shipin/cns-d/2023/07-13/news964644.shtml,7-13 21:58,他们给枪“上了膛”！美国布法罗枪案受害者家属起诉社媒和枪支公司,视频
http://www.chinanews.com/sh/shipin/cns-d/2023/07-13/news964645.shtml,7-13 21:57,四川雅安：47名外籍师生沉浸式体验中国茶文化,视频
http://www.chinanews.com/cj/2023/07-14/10042908.shtml,7-14 13:16,山西：2025年底实现县乡村和省内公路公共充电设施全覆盖,财经
http://www.chinanews.com/gn/2023/07-14/10042904.shtml,7-14 13:12,水利部维持对重庆、四川、甘肃的洪水防御Ⅲ级应急响应,时政
http://www.chinanews.com/sh/2023/07-14/10042900.shtml,7-14 13:01,南宁通报道路停车收费有关问题处理情况：4人被免职,社会
http://www.chinanews.com/gj/shipin/cns/2023/07-14/news964682.shtml,7-14 12:57,【“一带一路”10周年·访谈】世界银行前常务副行长冯慧兰：一些针对“一带一路”倡议的批评并非事实,视频
http://www.chinanews.com/sh/2023/07-14/10042896.shtml,7-14 12:54,南宁发改委公布优化调整后道路停车收费标准,社会
http://www.chinanews.com/gj/shipin/cns-d/2023/07-14/news964683.shtml,7-14 12:54,普京：向乌克兰提供武器只会加剧冲突,视频
http://www.chinanews.com/cj/shipin/cns-d/2023/07-14/news964681.shtml,7-14 12:49,央行：中国经济长期向好的基本面没有改变,视频
http://www.chinanews.com/sh/2023/07-14/10042889.shtml,7-14 12:46,远离胰腺癌先节制饮食 专家：出现不能自行缓解的严重腹痛应尽快就医,社会
http://www.chinanews.com/dwq/2023/07-14/10042887.shtml,7-14 12:46,面向“银发族”  香港第八批银色债券保证息率升至5厘,湾区
http://www.chinanews.com/hr/2023/07-14/10042886.shtml,7-14 12:45,上海市侨商联合会“换届”：选举陈坤校任会长,华人
http://www.chinanews.com/gj/2023/07-14/10042894.shtml,7-14 12:43,马来西亚籍留学生：中国共产党正引领中国飞速发展丨风华102载·世界观,国际
http://www.chinanews.com/sh/2023/07-14/10042893.shtml,7-14 12:40,人大附中平行班将“落户”人大附中经开学校,社会
http://www.chinanews.com/gj/2023/07-14/10042885.shtml,7-14 12:26,日本一火箭试验场进行发动机点火测试时发生爆炸,国际
http://www.chinanews.com/sh/shipin/cns-d/2023/07-14/news964680.shtml,7-14 12:24,5只“大眼萌”回归大自然 重庆放生一批被救护二级保护动物,视频
http://www.chinanews.com/gn/2023/07-14/10042890.shtml,7-14 12:22,推动经济回升向好，国内市场引擎如何发力？——年中经济调研行之内需篇,时政
http://www.chinanews.com/gn/shipin/cns/2023/07-14/news964676.shtml,7-14 12:21,【阔步迈向网络强国】习言道｜习近平的网络观,视频
http://www.chinanews.com/gn/2023/07-14/10042883.shtml,7-14 12:15,民革中央调研组在沪调研 助力经济高质量发展,时政
http://www.chinanews.com/sh/shipin/2023/07-14/news964722.shtml,7-14 18:03,高温下的守护者,视频
http://www.chinanews.com/gn/2023/07-14/10043143.shtml,7-14 18:03,“中国的和平与发展事业将取得更大成就”,时政
http://www.chinanews.com/sh/shipin/2023/07-14/news964721.shtml,7-14 18:01,动画丨山西文物消夏晚会,视频
http://www.chinanews.com/sh/2023/07-14/10043123.shtml,7-14 18:00,中部（湖南）应急安全与消防技术装备博览会开幕 智慧消防等亮相,社会
http://www.chinanews.com/cj/2023/07-14/10043122.shtml,7-14 17:57,调查报告认为，到2025年预期碳价将升至每吨87元,财经
http://www.chinanews.com/cj/2023/07-14/10043121.shtml,7-14 17:56,攻克10余项关键技术 湖南超级地下工程装备研制整体达国际领先水平,财经
http://www.chinanews.com/cj/2023/07-14/10043120.shtml,7-14 17:54,（高质量发展调研行）资源优势变产业优势 江西宜春打造“亚洲锂都”,财经
http://www.chinanews.com/sh/shipin/cns/2023/07-14/news964720.shtml,7-14 17:52,【东西问·镇馆之宝】杜正贤：战国水晶杯“奇”在何处？,视频
http://www.chinanews.com/sh/2023/07-14/10043119.shtml,7-14 17:51,中国性病艾滋病防治协会等启动“HIV持续关怀倡导疾病教育合作项目”,社会
http://www.chinanews.com/cul/2023/07-14/10043140.shtml,7-14 17:50,文物大省焕发时代光彩,文化
http://www.chinanews.com/cj/2023/07-14/10042681.shtml,7-14 04:57,江苏成功办理首笔数字人民币支付旅检行邮税业务,财经
http://www.chinanews.com/gn/2023/07-14/10042680.shtml,7-14 04:57,我国部署51个山水林田湖草沙生态保护修复工程,时政
http://www.chinanews.com/cj/2023/07-14/10042679.shtml,7-14 04:57,真空中控制量子随机性首次实现,财经
http://www.chinanews.com/gj/2023/07-14/10042678.shtml,7-14 04:57,美澳欲奔赴月球“淘金”,国际
http://www.chinanews.com/life/2023/07-14/10042677.shtml,7-14 04:57,火星上新发现多种有机物质 有助搜寻潜在生物特征,生活
http://www.chinanews.com/life/2023/07-14/10042676.shtml,7-14 04:57,非蛋白质新标签可追踪细胞过程,生活
http://www.chinanews.com/cj/2023/07-14/10042675.shtml,7-14 04:57,社会各界协同发力 让养老辅具产品真正“适老”,财经
http://www.chinanews.com/cj/2023/07-14/10042674.shtml,7-14 04:50,今年已有148万户企业实现纳税信用级别修复提升,财经
http://www.chinanews.com/sh/2023/07-14/10042673.shtml,7-14 04:46,“我们可能经历有记录以来最热的年份”,社会
http://www.chinanews.com/gj/2023/07-14/10042672.shtml,7-14 04:46,13年间组阁4次，吕特这次真要走了？,国际
http://www.chinanews.com/cj/2023/07-14/10042671.shtml,7-14 04:46,外贸发展总体平稳，稳规模优结构具有坚实支撑,财经
http://www.chinanews.com/sh/2023/07-14/10042670.shtml,7-14 04:46,试用期突发疾病被辞退，劳动者维权获赔,社会
http://www.chinanews.com/sh/2023/07-14/10042669.shtml,7-14 04:46,河南将培育10万余名高素质农民,社会
http://www.chinanews.com/gn/2023/07-14/10042668.shtml,7-14 04:46,在甲平台买保险，在乙平台配送订单，骑手身故能否获赔？,时政
http://www.chinanews.com/gn/2023/07-14/10042667.shtml,7-14 04:20,王毅出席中国—东盟（10+1）外长会,时政
http://www.chinanews.com/gn/2023/07-14/10042666.shtml,7-14 04:19,王毅出席东盟与中日韩（10+3）外长会,时政
http://www.chinanews.com/gj/2023/07-14/10042665.shtml,7-14 04:15,王毅会见俄罗斯外长拉夫罗夫,国际
http://www.chinanews.com/cj/2023/07-14/10042787.shtml,7-14 10:11,双向奔赴 汽车之家与高德地图再签重大战略合作协议,财经
http://www.chinanews.com/life/2023/07-14/10042774.shtml,7-14 10:08,中新真探：杨梅和海鲜同食会中毒吗？,生活
http://www.chinanews.com/gn/2023/07-14/10042781.shtml,7-14 10:08,2022年全国教育事业发展统计公报解读 教育强国建设迈出铿锵步伐,时政
http://www.chinanews.com/cj/2023/07-14/10042778.shtml,7-14 10:08,如何持续激活企业创新能力？河北交出这份答卷,财经
http://www.chinanews.com/cj/2023/07-14/10042785.shtml,7-14 10:07,荣湛宁出任康明斯董事长，现任董事长兰博文荣休,财经
http://www.chinanews.com/cj/2023/07-14/10042776.shtml,7-14 10:07,海南全力推进自由贸易港高质量发展,财经
http://www.chinanews.com/dwq/2023/07-14/10042743.shtml,7-14 10:07,大湾区联手打造临海“朋友圈”,湾区
http://www.chinanews.com/mil/shipin/cns/2023/07-14/news964668.shtml,7-14 10:04,多国狙击手天山竞技 竞赛课目中有这些中国元素,视频
http://www.chinanews.com/cj/2023/07-14/10042771.shtml,7-14 10:03,《生成式人工智能服务管理暂行办法》出台，利好360等厂商,财经
http://www.chinanews.com/sh/2023/07-14/10042782.shtml,7-14 10:01,华北等地又将加入“高温群聊” 东北地区降雨强劲,社会
http://www.chinanews.com/cj/2023/07-14/10042770.shtml,7-14 10:00,共助金融安全可信 软通动力助力企业金融领域高质量发展,财经
http://www.chinanews.com/gn/2023/07-14/10042762.shtml,7-14 09:58,外界关注的60天，河北在拼什么、变什么？,时政
http://www.chinanews.com/shipin/2023/07-14/news964667.shtml,7-14 09:58,何以中国，走进山西,视频
http://www.chinanews.com/cj/2023/07-14/10042758.shtml,7-14 09:58,积极参与“全国低碳日”主场活动，共建美丽家园  宝马倡导绿色生活低碳出行,财经
http://www.chinanews.com/gn/2023/07-14/10042779.shtml,7-14 09:57,【阔步迈向网络强国】习言道｜信息化发展很快，不进则退，慢进亦退,时政
http://www.chinanews.com/cj/2023/07-14/10042756.shtml,7-14 09:57,饿了么宣布“百城百万”计划 全国建设标准化骑士驿站,财经
http://www.chinanews.com/cul/2023/07-14/10042773.shtml,7-14 09:55,无定河畔，这座1600年历史的古城旧貌换新颜,文化
http://www.chinanews.com/gn/2023/07-14/10042768.shtml,7-14 09:53,湖南株洲：严厉打击非法生产烟花爆竹等行为,时政
http://www.chinanews.com/cj/2023/07-14/10042775.shtml,7-14 09:52,经济新方位·年中数据观察：我国外贸展现较强韧性,财经
http://www.chinanews.com/tp/hd2011/2023/07-14/1071928.shtml,7-14 09:52,遇见福建：霞浦东礵岛勾画孤世之美,图片
http://www.chinanews.com/cj/2023/07-14/10042769.shtml,7-14 09:51,三部门：加强农村电网薄弱地区电网建设改造,财经
http://www.chinanews.com/cj/2023/07-14/10043091.shtml,7-14 16:39,北京月最低工资标准上调至2420元，今年以来至少已有7省份上调,财经
http://www.chinanews.com/cul/2023/07-14/10043090.shtml,7-14 16:37,“周杰伦概念股”首挂升逾两成 妈妈叶惠美身价大涨,文化
http://www.chinanews.com/dwq/2023/07-14/10043087.shtml,7-14 16:37,香港旅发局：上半年累计近1300万人次访港 内地旅客占近八成,湾区
http://www.chinanews.com/gn/2023/07-14/10043079.shtml,7-14 16:36,商务部：已对外签署且生效的投资保护协定达到108个,时政
http://www.chinanews.com/sh/2023/07-14/10043083.shtml,7-14 16:34,广西“85后”海归创业 造火车模型“开”往海内外,社会
http://www.chinanews.com/gn/2023/07-14/10043088.shtml,7-14 16:32,【阔步迈向网络强国】习言道｜加快构建网络空间命运共同体,时政
http://www.chinanews.com/gn/2023/07-14/10043067.shtml,7-14 16:32,大美西藏·邀你来拍∣阿里·生态美,时政
http://www.chinanews.com/gn/2023/07-14/10043065.shtml,7-14 16:30,文旅部：出境团队游呈平稳有序增长态势 未发生特、重大海外旅游安全事故,时政
http://www.chinanews.com/sh/shipin/2023/07-14/news964706.shtml,7-14 16:30,大美西藏·邀你来拍∣阿里·生态美,视频
http://www.chinanews.com/sh/shipin/2023/07-14/news964705.shtml,7-14 16:27,看新疆∣去南疆村里采访，受访维吾尔族姑娘当天在订婚,视频
http://www.chinanews.com/cj/2023/07-14/10043081.shtml,7-14 16:27,夏粮收购市场稳中向好 农民卖“明白粮”“舒心粮”,财经
http://www.chinanews.com/sh/2023/07-14/10043080.shtml,7-14 16:26,我国外贸活力进一步增强 企业海外订单数量增长,社会
http://www.chinanews.com/cj/2023/07-14/10043074.shtml,7-14 16:25,新疆巴州戈壁滩上瓜果香 两千余亩“老汉瓜”迎来丰收季,财经
http://www.chinanews.com/cj/2023/07-14/10043076.shtml,7-14 16:24,新疆且末县：沙漠之中“结硕果”  生态经济效益双提升,财经
http://www.chinanews.com/cj/2023/07-14/10043070.shtml,7-14 16:23,长庆油田邀公众“走进石油”：近距离感知石油勘探变迁,财经
http://www.chinanews.com/cj/2023/07-14/10043048.shtml,7-14 16:23,浙江开展金融专项行动 聚焦投资消费领域“出实招”,财经
http://www.chinanews.com/cj/2023/07-14/10043028.shtml,7-14 16:21,广东试点建设田头智慧小站 助岭南佳果保鲜储藏,财经
http://www.chinanews.com/cj/2023/07-14/10043049.shtml,7-14 16:21,重庆电网报废物资处置调查：去处可“追”，增效有“数”,财经
http://www.chinanews.com/cj/2023/07-14/10043064.shtml,7-14 16:20,图解｜西藏特色农牧产业立足优势资源 做强“特”字文章,财经
http://www.chinanews.com/cj/2023/07-14/10043279.shtml,7-14 20:40,社科大发布网暴测评报告 抖音等平台网暴治理功能多样,财经
http://www.chinanews.com/tp/hd2011/2023/07-14/1072012.shtml,7-14 20:36,福冈游泳世锦赛：中国花游“姐妹花”王柳懿、王芊懿预赛排名第一晋级决赛,图片
http://www.chinanews.com/gn/shipin/cns/2023/07-14/news964746.shtml,7-14 20:35,【东西问·镇馆之宝】“王者之剑”越王勾践剑何以蜚声中外？,视频
http://www.chinanews.com/gn/2023/07-14/10043271.shtml,7-14 20:30,李强主持召开国务院常务会议,时政
http://www.chinanews.com/sh/shipin/cns-d/2023/07-14/news964745.shtml,7-14 20:26,福州海警深夜勇斗“油耗子” 查获涉案成品油约40吨,视频
http://www.chinanews.com/gn/2023/07-14/10043265.shtml,7-14 20:26,学习卡丨阔步迈向网络强国，一个关键词贯穿始终,时政
http://www.chinanews.com/ty/shipin/cns/2023/07-14/news964744.shtml,7-14 20:24,成都大运会火炬继续在成都5所高校传递,视频
http://www.chinanews.com/cul/2023/07-14/10043258.shtml,7-14 20:24,以古写今以今融古 《长风渡》用现代意识传递当代价值观,文化
http://www.chinanews.com/cj/shipin/cns-d/2023/07-14/news964743.shtml,7-14 20:23,上海首个以“城市家具”为主题的公园揭牌,视频
http://www.chinanews.com/sh/shipin/cns-d/2023/07-14/news964742.shtml,7-14 20:22,山西太原：“救命神器”AED再次成功施救,视频
http://www.chinanews.com/sh/shipin/cns-d/2023/07-14/news964741.shtml,7-14 20:21,四川成都巨幅墙绘又上新 用童真点缀“锦官城”,视频
http://www.chinanews.com/cj/shipin/cns-d/2023/07-14/news964740.shtml,7-14 20:18,投资超百亿 郑州惠济区打造“黄河文化新城”,视频
http://www.chinanews.com/shipin/cns-d/2023/07-14/news964738.shtml,7-14 20:16,陕师大连续17年坚持毛笔手写录取通知书,视频
http://www.chinanews.com/gn/2023/07-14/10043253.shtml,7-14 20:15,阔步迈向网络强国｜习近平指引网络强国建设行稳致远,时政
http://www.chinanews.com/gj/shipin/cns-d/2023/07-14/news964739.shtml,7-14 20:14,一小时做3249个俯卧撑 澳大利亚男子再破世界纪录,视频
http://www.chinanews.com/gn/2023/07-14/10043016.shtml,7-14 15:44,阔步迈向网络强国｜守护亿万民众共同的精神家园 ,时政
http://www.chinanews.com/gn/2023/07-14/10043020.shtml,7-14 15:44,德国发布首份“中国战略”文件 中方：望德方制定理性务实对华政策,时政
http://www.chinanews.com/tp/2023/07-14/10043011.shtml,7-14 15:42,浙江山区高速路夏日建设：错峰施工防高温,图片
http://www.chinanews.com/tp/hd2011/2023/07-14/1071963.shtml,7-14 15:38,北京动物园动物避暑有“凉”方,图片
http://www.chinanews.com/gn/2023/07-14/10043017.shtml,7-14 15:38,【阔步迈向网络强国】习言道｜网络空间关乎人类命运,时政
http://www.chinanews.com/gn/2023/07-14/10043014.shtml,7-14 15:36,美方再提美政府网络系统遭黑客入侵 中方：美国不要给中国乱扣帽子,时政
http://www.chinanews.com/ty/2023/07-14/10043006.shtml,7-14 15:35,（成都大运纪事）成都大运会火炬继续在蓉传递 火炬手寄语当代青年,体育
http://www.chinanews.com/sh/2023/07-14/10043007.shtml,7-14 15:34,南宁道路停车收费问题4人被免职 审计部门公布慧泊公司亏损原因,社会
http://www.chinanews.com/sh/2023/07-14/10043009.shtml,7-14 15:33,被告人余某英拐卖儿童罪案一审开庭,社会
http://www.chinanews.com/sh/shipin/cns-d/2023/07-14/news964699.shtml,7-14 15:32,重庆16个区县出现大暴雨 消防紧急救援被困人员,视频
http://www.chinanews.com/shipin/cns/2023/07-14/news964700.shtml,7-14 15:31,吉林：潜水员水下“大闹龙宫” 还原《西游记》片段受热捧,视频
http://www.chinanews.com/cj/2023/07-14/10042984.shtml,7-14 15:30,（成都大运纪事）银行保险机构助力成都大运会 已布局237个金融服务网点,财经
http://www.chinanews.com/sh/2023/07-14/10043005.shtml,7-14 15:29,北京市2023年最低工资标准上调至每月2420元,社会
http://www.chinanews.com/gj/2023/07-14/10042988.shtml,7-14 15:28,“去风险化”暗藏风险，全球供应链更须“去政治化”,国际
http://www.chinanews.com/gn/2023/07-14/10043003.shtml,7-14 15:26,北约峰会暴露内部分歧 美国险恶用心难得逞,时政
http://www.chinanews.com/cj/2023/07-14/10043001.shtml,7-14 15:26,加码以旧换新补贴 苏宁易购3C上线实时竞价,财经
http://www.chinanews.com/gn/2023/07-14/10043004.shtml,7-14 15:25,国防部：俄舰艇编队访问上海并与中方举行联合演练,时政
http://www.chinanews.com/gj/2023/07-14/10043002.shtml,7-14 15:25,反对日本强推核污染水排海人士：该举将威胁全人类,国际
http://www.chinanews.com/gj/2023/07-14/10043000.shtml,7-14 15:25,美媒：美经济进入“违约周期” 消费者及企业正感受激进加息的痛苦,国际
http://www.chinanews.com/gj/2023/07-14/10042999.shtml,7-14 15:23,“是谁在颠覆国际秩序？”华春莹发图质问，答案一目了然,国际
http://www.chinanews.com/gn/shipin/cns-d/2023/07-13/news964643.shtml,7-13 21:57,国家移民管理局夏季治安打击整治行动已查缴毒品301.5公斤,视频
http://www.chinanews.com/hr/2023/07-13/10042513.shtml,7-13 21:56,中国驻柬大使冀援柬中医医疗队继续推动传统医药合作,华人
http://www.chinanews.com/sh/shipin/cns-d/2023/07-13/news964642.shtml,7-13 21:55,【高质量发展调研行】北京打造演艺之都  百年戏院回归助“大戏”诞生,视频
http://www.chinanews.com/cj/shipin/cns/2023/07-13/news964641.shtml,7-13 21:54,暑期旅游市场火热  游客需做足攻略防“踩坑”,视频
http://www.chinanews.com/cj/2023/07-13/10042509.shtml,7-13 21:54,参保3725.3万人 收入438.8亿 结余18.7亿 辽宁医保基金总体收支平衡,财经
http://www.chinanews.com/gn/2023/07-13/10042503.shtml,7-13 21:53,西方称“去风险”不是“脱钩”？ 马凯硕：不可听其言，而要观其行,时政
http://www.chinanews.com/dwq/2023/07-13/10042568.shtml,7-13 21:52,香港慈善团体推出计划资助黄斑病变患者就医,湾区
http://www.chinanews.com/cj/2023/07-13/10042569.shtml,7-13 21:52,（高质量发展调研行）北京文物建筑活化利用，如何成为城市“新窗口”？,财经
http://www.chinanews.com/sh/2023/07-13/10042570.shtml,7-13 21:52,技术创新催生内容多元化“上新”  湖南加速推动媒体高质量融合,社会
http://www.chinanews.com/tp/2023/07-13/10042504.shtml,7-13 21:52,四省市外籍师生走进四川雅安：观“国宝”、学炒茶,图片
http://www.chinanews.com/ll/2023/07-13/10042572.shtml,7-13 21:51,阔步迈向网络强国丨提高用网治网水平 打造清朗网络空间,理论
http://www.chinanews.com/tp/2023/07-13/10042499.shtml,7-13 21:50,新疆乌鲁木齐站迎客流高峰 日均发送旅客超6万人次,图片
http://www.chinanews.com/tp/2023/07-13/10042497.shtml,7-13 21:50,“雅庆——给至乐楼主人的生日贺言”展览讲述文人如何庆生,图片
http://www.chinanews.com/cj/2023/07-13/10042510.shtml,7-13 21:49,首届中国—东盟人工智能合作论坛在广西南宁举行,财经
http://www.chinanews.com/cj/2023/07-13/10042508.shtml,7-13 21:48,乌鲁木齐何以打造国际航空枢纽？,财经
http://www.chinanews.com/gn/2023/07-13/10042566.shtml,7-13 21:47,成都大运会期间，全球媒体的“大本营”里都有啥惊喜？,时政
http://www.chinanews.com/sh/2023/07-13/10042505.shtml,7-13 21:47,女子海边溺水 正在休假的山西护士“教科书式”急救,社会
http://www.chinanews.com/cj/2023/07-13/10042498.shtml,7-13 21:46,四川：2023年上半年为消费者挽回损失1928.71万元,财经
http://www.chinanews.com/tw/shipin/cns-d/2023/07-14/news964679.shtml,7-14 12:09,30余名京台青年开启环骑北京之旅,视频
http://www.chinanews.com/sh/2023/07-14/10042878.shtml,7-14 12:08,杭州发现真菌新物种半圆形胶孔菌,社会
http://www.chinanews.com/ty/2023/07-14/10042877.shtml,7-14 12:08,斯诺克冠军联赛：曹宇鹏成功晋级  挺进32强的中国选手增至6人,体育
http://www.chinanews.com/gn/2023/07-14/10042882.shtml,7-14 12:06,中华文化寻根夏令营：港澳台学生实地研习中草药知识,时政
http://www.chinanews.com/sh/shipin/cns-d/2023/07-14/news964678.shtml,7-14 12:05,晴热天气致鄱阳湖“瘦身” 通江水体面积十天缩两成,视频
http://www.chinanews.com/gn/2023/07-14/10042880.shtml,7-14 12:04,阔步迈向网络强国丨更好造福国家和人民,时政
http://www.chinanews.com/cj/shipin/cns-d/2023/07-14/news964677.shtml,7-14 12:02,央行：目前没有出现通缩 下半年也不会有通缩风险,视频
http://www.chinanews.com/ty/2023/07-14/10042876.shtml,7-14 11:56,中国女排3：1击败巴西队 晋级世联赛四强,体育
http://www.chinanews.com/cj/2023/07-14/10042866.shtml,7-14 11:50,央行：提前还款客观上对商业银行收益有一定影响,财经
http://www.chinanews.com/gj/2023/07-14/10042862.shtml,7-14 11:47,俄媒：普京参观俄量子技术开发成果展览 测试量子视频通信,国际
http://www.chinanews.com/sh/shipin/cns/2023/07-14/news964675.shtml,7-14 11:46,试用期是否应该给员工缴纳社保？律师解读,视频
http://www.chinanews.com/cj/2023/07-14/10042873.shtml,7-14 11:40,海南自贸港第二架“零关税”大型货运飞机通关放行 减免税款1.01亿元,财经
http://www.chinanews.com/sh/2023/07-14/10042874.shtml,7-14 11:38,十年融媒，踏浪前行——2023中国新媒体大会综述,社会
http://www.chinanews.com/cul/2023/07-14/10042871.shtml,7-14 11:37,第四届北京阿卡贝拉全国邀请展演用“人声”讲述青春人生,文化
http://www.chinanews.com/cj/2023/07-14/10042870.shtml,7-14 11:35,中国电器与可再生能源发电系统行业人士探讨“数字化转型 ”,财经
http://www.chinanews.com/sh/2023/07-14/10042872.shtml,7-14 11:34,观察丨因为走“新”，所以大“行”,社会
http://www.chinanews.com/cj/2023/07-14/10042869.shtml,7-14 11:33,“中国经济社会拥有巨大的创新活力”,财经
http://www.chinanews.com/cj/2023/07-14/10042863.shtml,7-14 11:33,长三角铁路今年上半年发送旅客逾3.7亿人次,财经
http://www.chinanews.com/gn/2023/07-14/10042867.shtml,7-14 11:33,南非学者：中国的民族复兴之路值得世界借鉴,时政
http://www.chinanews.com/gn/2023/07-14/10042860.shtml,7-14 11:32,9组数据速览2022年我国医疗保障事业发展成绩单,时政
http://www.chinanews.com/gsztc/2023/07-14/10042859.shtml,7-14 11:32,喝了这么多年无糖饮料，终究是错付了……,国是直通车
http://www.chinanews.com/gn/2023/07-14/10042855.shtml,7-14 11:32,我国人与自然和谐共生的现代化建设稳步推进,时政
http://www.chinanews.com/sh/shipin/cns-d/2023/07-14/news964674.shtml,7-14 11:31,北京迷你锡兵展带观众“畅游”小人国,视频
http://www.chinanews.com/gsztc/2023/07-14/10042858.shtml,7-14 11:31,700块钱看不完一部小说！“无上限”的网文价格是否合法？,国是直通车
http://www.chinanews.com/gsztc/2023/07-14/10042857.shtml,7-14 11:31,国是访谈｜中央多次部署！这件大事为何加快？,国是直通车
http://www.chinanews.com/gn/2023/07-14/10042865.shtml,7-14 11:30,红色旅游热持续攀升 中青年成游客主力,时政
http://www.chinanews.com/sh/2023/07-14/10042664.shtml,7-14 01:08,青年旅社入住年龄该不该设上限？商家：此举为方便管理,社会
http://www.chinanews.com/sh/2023/07-14/10042663.shtml,7-14 01:03,暑期研学乱象频发 科技园变“清华新校区”？,社会
http://www.chinanews.com/gj/2023/07-14/10042662.shtml,7-14 01:03,各种危机层出不穷 四年来全球新增1.22亿饥饿人口,国际
http://www.chinanews.com/gn/2023/07-14/10042661.shtml,7-14 00:40,王毅会见澳大利亚外长黄英贤,时政
http://www.chinanews.com/gj/2023/07-14/10042660.shtml,7-14 00:40,中国—东盟（10+1）外长会在雅加达举行,国际
http://www.chinanews.com/gn/2023/07-14/10042659.shtml,7-14 00:13,王毅会见美国国务卿布林肯,时政
http://www.chinanews.com/cul/2023/07-14/10042658.shtml,7-14 00:02,三伏天里的京味儿饮食：吃饺子 炸酱面有讲究,文化
http://www.chinanews.com/cj/2023/07-14/10042657.shtml,7-14 00:01,养老金开始上涨！你的养老金涨了多少钱？,财经
http://www.chinanews.com/ty/2023/07-13/10042655.shtml,7-13 23:58,NBL：香港金牛队被合肥狂风队反超  遭遇三连败,体育
http://www.chinanews.com/gn/2023/07-13/10042656.shtml,7-13 23:43,中国海警依法驱离日非法进入我赤尾屿领海船只,时政
http://www.chinanews.com/sh/2023/07-13/10042654.shtml,7-13 23:11,外籍媒体人打卡内蒙古博物院 感受中华民族发展史,社会
http://www.chinanews.com/sh/2023/07-13/10042653.shtml,7-13 23:09,中国有约｜敕勒川草原焕新颜 生态“数智”变富民“药方”,社会
http://www.chinanews.com/sh/2023/07-13/10042652.shtml,7-13 23:07,“2023年中国有约国际媒体主题采访活动”内蒙古站启动,社会
http://www.chinanews.com/cj/2023/07-13/10042651.shtml,7-13 23:03,央广财评|中小企业五年增加51%、“小巨人”A股占比27% 折射“组合拳”强信心新动能！,财经
http://www.chinanews.com/sh/2023/07-13/10042650.shtml,7-13 23:02,高温下的劳动者│无惧“烤”验 用汗水“筑就”城市之美,社会
http://www.chinanews.com/gn/2023/07-13/10042649.shtml,7-13 22:59,我国主产区各类粮企收购小麦超3000万吨 与常年水平大体相当,时政
http://www.chinanews.com/sh/2023/07-14/10042772.shtml,7-14 09:47,重庆多地发布暴雨红色预警,社会
http://www.chinanews.com/sh/2023/07-14/10042767.shtml,7-14 09:40,热回来了！今日北京高温天气回归 最高气温反弹至35℃,社会
http://www.chinanews.com/ga/shipin/cns/2023/07-14/news964666.shtml,7-14 09:39,华润创业精准招才引智 助力香港发展国际创科中心,视频
http://www.chinanews.com/hr/shipin/cns-d/2023/07-14/news964665.shtml,7-14 09:38,美国华裔少年“做客”上海之巅，“穿越”到《清明上河图》,视频
http://www.chinanews.com/cj/2023/07-14/10042764.shtml,7-14 09:35,6月中国运输生产指数延续恢复发展态势,财经
http://www.chinanews.com/ty/2023/07-14/10042753.shtml,7-14 09:35,前国脚范志毅：业余足球是足球最基础的运动 是不可或缺的,体育
http://www.chinanews.com/gj/shipin/cns-d/2023/07-14/news964664.shtml,7-14 09:35,世卫组织正式宣布：阿斯巴甜可能致癌,视频
http://www.chinanews.com/sh/2023/07-14/10042760.shtml,7-14 09:32,国家防总加派工作组赴东北指导防汛 防汛四级应急响应已覆盖7省份,社会
http://www.chinanews.com/gn/2023/07-14/10042761.shtml,7-14 09:29,协同作战 一追到底 重庆潜逃26年职务犯罪嫌疑人归案,时政
http://www.chinanews.com/gn/2023/07-14/10042759.shtml,7-14 09:26,“准军士”淬火军校比武场,时政
http://www.chinanews.com/sh/2023/07-14/10042757.shtml,7-14 09:24,受降雨影响 四川地质灾害预警区转移群众32757人,社会
http://www.chinanews.com/sh/2023/07-14/10042755.shtml,7-14 09:20,93.90%受访大学生有自觉践行环保的行为,社会
http://www.chinanews.com/gn/2023/07-14/10042749.shtml,7-14 09:18,2023中国新媒体大会“论道”：融合十年如何笃行致远？,时政
http://www.chinanews.com/gn/2023/07-14/10042752.shtml,7-14 09:17,中华人民共和国领事保护与协助条例,时政
http://www.chinanews.com/sh/2023/07-14/10042746.shtml,7-14 09:16,西双版纳回应“游客拒参自费和购物与导游发生争执”：涉事双方已和解,社会
http://www.chinanews.com/sh/2023/07-14/10042750.shtml,7-14 09:15,黄合水：明确自己想要的信息，才不会被算法牵着走,社会
http://www.chinanews.com/sh/2023/07-14/10042737.shtml,7-14 09:14,甘肃夏河县泥石流灾害搜救结束 共致4人遇难7人受伤,社会
http://www.chinanews.com/sh/2023/07-14/10042748.shtml,7-14 09:12,大数据+算法精准推送 62.2%受访者感到陷入“信息茧房”,社会
http://www.chinanews.com/ty/2023/07-14/10042738.shtml,7-14 09:09,3:1力克劲敌巴西队，中国女排晋级世联赛四强 ,体育
http://www.chinanews.com/tp/hd2011/2023/07-14/1071924.shtml,7-14 08:58,河北承德：雨后金山岭长城云雾缭绕,图片
http://www.chinanews.com/gn/2023/07-14/10042747.shtml,7-14 08:58,【阔步迈向网络强国】习言道｜为老百姓提供用得上、用得起、用得好的信息服务,时政
http://www.chinanews.com/gn/2023/07-14/10042730.shtml,7-14 08:45,五集政论片《中国式现代化》第四集《山河见证》,时政
http://www.chinanews.com/gj/2023/07-14/10042744.shtml,7-14 08:45,她揭穿了北约的三个大谎言！,国际
http://www.chinanews.com/yl/shipin/cns-d/2023/07-14/news964660.shtml,7-14 08:43,浙江横店超50个剧组忙碌 高温之下“日戏夜拍”,视频
http://www.chinanews.com/cj/2023/07-14/10043073.shtml,7-14 16:19,川青铁路青白江至镇江关段开始热滑试验,财经
http://www.chinanews.com/cj/2023/07-14/10043052.shtml,7-14 16:19,山西柳林“西瓜之乡”喜丰收 为乡村振兴“甜蜜”赋能,财经
http://www.chinanews.com/cj/2023/07-14/10043030.shtml,7-14 16:17,海归青年河南创业 “中茶西做”打造“年轻派”茶空间,财经
http://www.chinanews.com/cj/2023/07-14/10043038.shtml,7-14 16:17,首趟“天津港至北京大红门”海铁联运班列成功开行,财经
http://www.chinanews.com/tp/hd2011/2023/07-14/1071973.shtml,7-14 16:16,新疆乌鲁木齐机场改扩建项目地面主体工程基本完工,图片
http://www.chinanews.com/cj/2023/07-14/10043039.shtml,7-14 16:16,浙江、青海直飞山西旅游包机开通,财经
http://www.chinanews.com/cul/2023/07-14/10043069.shtml,7-14 16:16,中外文化“潮玩”齐聚内蒙古,文化
http://www.chinanews.com/sh/shipin/cns/2023/07-14/news964704.shtml,7-14 16:15,云南野生菌大量上市 迎来小高峰,视频
http://www.chinanews.com/cj/2023/07-14/10043031.shtml,7-14 16:14,拉萨海关新出台优化营商环境20条措施,财经
http://www.chinanews.com/gn/2023/07-14/10043071.shtml,7-14 16:14,在轨一个半月！神十六乘组又完成了多项实验 后续将实施出舱活动,时政
http://www.chinanews.com/cj/2023/07-14/10043033.shtml,7-14 16:14,广西友谊关口岸上半年出入境旅客逾60万人次 同比增长180%,财经
http://www.chinanews.com/gn/2023/07-15/10043435.shtml,7-15 02:52,中国人权研究会举办主题边会 研讨《维也纳宣言和行动纲领》中国实践,时政
http://www.chinanews.com/gn/2023/07-15/10043429.shtml,7-15 02:46,王毅：中国内政不容外来干涉,时政
http://www.chinanews.com/gn/2023/07-15/10043434.shtml,7-15 01:45,王毅：中国内政不容外来干涉,时政
http://www.chinanews.com/life/2023/07-15/10043433.shtml,7-15 01:16,这俩病进入高发季 专爱偷袭宝宝,生活
http://www.chinanews.com/sh/2023/07-15/10043432.shtml,7-15 01:16,北京埋深最大地下隧道即将贯通  城市副中心将实现东西贯通,社会
http://www.chinanews.com/cul/2023/07-15/10043431.shtml,7-15 01:16,周迅刘奕君《不完美受害人》定档 剧情以“职场性侵”案件为切入点,文化
http://www.chinanews.com/sh/2023/07-15/10043430.shtml,7-15 01:12,第33届青岛国际啤酒节启幕 品牌啤酒数量创历史新高,社会
http://www.chinanews.com/gn/2023/07-15/10043428.shtml,7-15 00:51,王毅：地区国家要警惕三个消极动向,时政
http://www.chinanews.com/cj/2023/07-15/10043427.shtml,7-15 00:05,一位北京导游的自述：日入千元，很多转行同事回来了,财经
http://www.chinanews.com/cj/2023/07-15/10043426.shtml,7-15 00:03,减肥人“减”出上市公司，但赚钱比减肥还难,财经
http://www.chinanews.com/gn/2023/07-14/10043425.shtml,7-14 23:07,一张照片201项业务通用！数字赋能下的城市生活还有这些便利,时政
http://www.chinanews.com/ty/2023/07-14/10043422.shtml,7-14 23:06,“亚运征途”电竞赛事将升级为亚洲杯,体育
http://www.chinanews.com/gn/2023/07-14/10043424.shtml,7-14 23:03,高质量发展看广东丨下一个“万亿级” 为何瞄准新型储能？,时政
http://www.chinanews.com/gn/2023/07-14/10043423.shtml,7-14 22:58,数字化、智能化在夏粮收购各环节占比提升,时政
http://www.chinanews.com/gn/2023/07-14/10043421.shtml,7-14 22:57,铁路部门：严格落实“防、避、抢”工作要求 确保汛期运输安全,时政
http://www.chinanews.com/gn/2023/07-14/10043420.shtml,7-14 22:55,人民网评：将城市排水防涝工作做细做好做实,时政
http://www.chinanews.com/cj/2023/07-14/10043418.shtml,7-14 22:55,（经济观察）巩固脱贫攻坚成果 中国多部门合力推进脱贫人口持续增收,财经
http://www.chinanews.com/shipin/cns-d/2023/07-14/news964771.shtml,7-14 22:53,打掉犯罪团伙85个  公安部介绍打击治理粤港澳海上跨境走私专项行动,视频
http://www.chinanews.com/cj/2023/07-14/10043417.shtml,7-14 22:52,6月末普惠小微贷款余额同比增长26.1%,财经
http://www.chinanews.com/cj/2023/07-14/10043416.shtml,7-14 22:50,我国依然是全球贸易“稳定器” 上半年外贸稳住规模 新业态快速成长,财经
http://www.chinanews.com/ty/2023/07-14/10043415.shtml,7-14 22:49,奖牌发布！100天后见！,体育
http://www.chinanews.com/cj/2023/07-14/10043414.shtml,7-14 22:48,我国是稳定全球产业链供应链重要力量 出口产品占国际市场份额提升,财经
http://www.chinanews.com/sh/2023/07-14/10043413.shtml,7-14 22:46,“一窗通拍、全域应用” 一张照片撬起民生服务大变革,社会
http://www.chinanews.com/gn/2023/07-14/10042993.shtml,7-14 15:23,海关总署：今年以来立案侦办涉税走私犯罪案件1594起,时政
http://www.chinanews.com/gj/2023/07-14/10042997.shtml,7-14 15:22,“日本境内流离失所者的人权面临诸多挑战”,国际
http://www.chinanews.com/gj/2023/07-14/10042995.shtml,7-14 15:21,北约峰会公报抹黑中国，华春莹发图质问：“是谁在颠覆国际秩序？”,国际
http://www.chinanews.com/cj/2023/07-14/10042977.shtml,7-14 15:21,亨利·马蒂斯个展开幕在即，蔚来EC7将亮相展览,财经
http://www.chinanews.com/gn/2023/07-14/10042996.shtml,7-14 15:19,什么是“套代购”走私？怎样避免？缉私部门详解,时政
http://www.chinanews.com/sh/shipin/2023/07-14/news964698.shtml,7-14 15:16,道中华丨湘西·凤凰古城万名塔,视频
http://www.chinanews.com/cul/2023/07-14/10042979.shtml,7-14 15:14,江西九江举行纪念周敦颐逝世950周年活动,文化
http://www.chinanews.com/gn/2023/07-14/10042978.shtml,7-14 15:14,直击“锋刃-2023”竞赛现场：看多国狙击手如何深入敌后解救“人质”,时政
http://www.chinanews.com/gn/2023/07-14/10042989.shtml,7-14 15:13,国之重器“圆环阵太阳射电成像望远镜”开启科学试观测,时政
http://www.chinanews.com/cul/2023/07-14/10042991.shtml,7-14 15:13,年轻读者谈米兰·昆德拉：我读《不能承受的生命之轻》不再是为“赶时髦”,文化
http://www.chinanews.com/cul/2023/07-14/10042992.shtml,7-14 15:12,又一部爱奇艺云影院佳片定档！任达华监制主演电影《零号追杀》7月21日上线,文化
http://www.chinanews.com/sh/shipin/2023/07-14/news964697.shtml,7-14 15:12,道中华丨跨国合作能否形成共同价值观？,视频
http://www.chinanews.com/gn/2023/07-13/10042496.shtml,7-13 21:43,学本事、拓视野、交朋友 50余名台湾大学生来湖南广电实习,时政
http://www.chinanews.com/cj/2023/07-13/10042532.shtml,7-13 21:42,杭州上线室内装修“一码管理”应用 全链条监督违规行为,财经
http://www.chinanews.com/cj/2023/07-13/10042495.shtml,7-13 21:41,2022年浙江特色小镇总产出达1.98万亿元,财经
http://www.chinanews.com/cj/2023/07-13/10042533.shtml,7-13 21:41,助力藏电外送 青藏联网工程柴拉直流系统外送能力提升,财经
http://www.chinanews.com/cj/2023/07-13/10042544.shtml,7-13 21:41,华为2022年专利许可收入5.6亿美元 公布4G和5G手机专利许可费率,财经
http://www.chinanews.com/gn/2023/07-13/10042494.shtml,7-13 21:41,贵州与以色列携手开展生态农业及环境科技合作,时政
http://www.chinanews.com/sh/2023/07-13/10042537.shtml,7-13 21:41,13日夜间北京降雨预计基本结束 14日起气温再次升高,社会
http://www.chinanews.com/sh/2023/07-13/10042534.shtml,7-13 21:40,田野里的希望：河北邢台“新农人”返乡“筑梦”,社会
http://www.chinanews.com/gn/2023/07-13/10042492.shtml,7-13 21:40,全国公安开展首次夏夜治安巡查宣防集中统一行动 查处酒驾醉驾2.9万起,时政
http://www.chinanews.com/sh/2023/07-13/10042535.shtml,7-13 21:39,官方通报“江苏一飞机坠落农田”：机上两人无生命危险,社会
http://www.chinanews.com/cj/2023/07-13/10042538.shtml,7-13 21:39,建立长效管护机制 福建宁德互花米草除治成效明显,财经
http://www.chinanews.com/gn/2023/07-13/10042491.shtml,7-13 21:38,报告称过境哈萨克斯坦中欧班列数量7年增长61倍,时政
http://www.chinanews.com/cj/2023/07-13/10042542.shtml,7-13 21:38,浙江推进卫生健康科研转化 扩大成果转化“朋友圈”,财经
http://www.chinanews.com/hr/2023/07-13/10042539.shtml,7-13 21:37,首届英国新媒体创新创业联谊会举办,华人
http://www.chinanews.com/cul/2023/07-13/10042489.shtml,7-13 21:37,“让世界看见秦岭”秦岭文化宣传系列活动优秀作品展西安举办,文化
http://www.chinanews.com/gn/2023/07-13/10042540.shtml,7-13 21:36,南宁举办新职业新模式职业技能大赛 178名选手展开角逐,时政
http://www.chinanews.com/cj/2023/07-13/10042488.shtml,7-13 21:36,每年可发2.92亿度电 国内最大电化学储能电站全容量并网投运,财经
http://www.chinanews.com/sh/2023/07-13/10042545.shtml,7-13 21:35,田间走出的人大代表：深耕黄花产业 带领农民致富,社会
http://www.chinanews.com/dwq/2023/07-13/10042546.shtml,7-13 21:34,香港特区政府9月收回粉岭高球地 将借予球会举办国际比赛,湾区
http://www.chinanews.com/gsztc/2023/07-14/10042856.shtml,7-14 11:30,《士兵突击》制片人吴毅涉嫌职务侵占罪，是怎么一回事？,国是直通车
http://www.chinanews.com/shipin/cns-d/2023/07-14/news964673.shtml,7-14 11:30,央行：上半年发放个人住房贷款总额同比多5164亿元,视频
http://www.chinanews.com/gsztc/2023/07-14/10042854.shtml,7-14 11:29,与远在南太平洋的伙伴交好，中所关系蓬勃发展有多重要？,国是直通车
http://www.chinanews.com/gsztc/2023/07-14/10042852.shtml,7-14 11:29,又创世界之最，开车穿天山20分钟！建世界最长高速公路隧道有多难？,国是直通车
http://www.chinanews.com/dwq/2023/07-14/10042850.shtml,7-14 11:29,香港特区政府谴责英国政客试图“妖魔化”警方国安处行动,湾区
http://www.chinanews.com/cul/2023/07-14/10042861.shtml,7-14 11:28,网络中文课堂建设如火如荼 特色中文课程等你来学,文化
http://www.chinanews.com/gsztc/2023/07-14/10042851.shtml,7-14 11:28,美国高官密集访华，什么信号？,国是直通车
http://www.chinanews.com/life/2023/07-14/10042853.shtml,7-14 11:27,儿童龋病患病率呈上升趋势 应如何科学有效地保护牙齿？,生活
http://www.chinanews.com/life/2023/07-14/10042847.shtml,7-14 11:25,夏养三伏天，一图读懂暑伏时节养生法则,生活
http://www.chinanews.com/life/2023/07-14/10042846.shtml,7-14 11:24,极端天气下，发生泥石流灾害怎么办？,生活
http://www.chinanews.com/sh/2023/07-14/10042843.shtml,7-14 11:24,保护湿地珍禽 江苏盐城人工孵育丹顶鹤数量创新高,社会
http://www.chinanews.com/sh/2023/07-14/10042849.shtml,7-14 11:24,如何把内容炼成内功？这些秘籍请你收下！,社会
http://www.chinanews.com/dwq/2023/07-14/10042844.shtml,7-14 11:22,澳门旅博会人气畅旺 展现澳门旅游加快复苏新气象,湾区
http://www.chinanews.com/sh/2023/07-14/10042848.shtml,7-14 11:21,社会责任这门“必修课”，媒体如何学以致用？,社会
http://www.chinanews.com/gj/2023/07-14/10042821.shtml,7-14 11:20,侵犯隐私？ChatGPT制造商遭美联邦贸易委员会调查,国际
http://www.chinanews.com/cj/2023/07-14/10042841.shtml,7-14 11:18,央行：外汇市场预期基本稳定 既没有“大妈”也没有“大鳄”,财经
http://www.chinanews.com/cj/2023/07-14/10042842.shtml,7-14 11:17,虚假宣传诱导消费 报告显示潮玩消费存在多方面问题,财经
http://www.chinanews.com/cj/2023/07-14/10042838.shtml,7-14 11:14,央行：上半年支持中小微企业融资8636亿元,财经
http://www.chinanews.com/gj/2023/07-14/10042826.shtml,7-14 11:13,世卫组织正式将阿斯巴甜列为“可能致癌物”,国际
http://www.chinanews.com/cj/2023/07-14/10042840.shtml,7-14 11:13,持续强化现代信息技术运用 智能监管为医保基金打造“安全闸”,财经
http://www.chinanews.com/gn/2023/07-14/10042837.shtml,7-14 11:11,山东为农技专家划分“责任田” 把技术送到田间地头,时政
http://www.chinanews.com/cj/2023/07-14/10042839.shtml,7-14 11:11,北京面向社会征集保障性租赁住房 探索建立保租房储备项目库,财经
http://www.chinanews.com/sh/2023/07-14/10042834.shtml,7-14 11:05,野生东北虎“完达山一号”再亮相 生物多样性保护成效显著,社会
http://www.chinanews.com/ga/shipin/2023/07-14/news964672.shtml,7-14 11:05,《可看香港·同开新篇》专访｜香港特区政府警务处处长萧泽颐：我们捍卫香港、守护香港的心永远都不会变,视频
http://www.chinanews.com/cul/2023/07-14/10042829.shtml,7-14 11:05,暑期文博游热度攀升 博物馆成“打卡”热门地,文化
http://www.chinanews.com/gn/2023/07-13/10042648.shtml,7-13 22:58,成都大运会提炼典型案例 形成大运会绿色低碳实践遗产,时政
http://www.chinanews.com/gn/2023/07-13/10042647.shtml,7-13 22:57,杭州海关开设“亚运专窗”助力物资高效通关,时政
http://www.chinanews.com/gn/2023/07-13/10042646.shtml,7-13 22:55,国家对人民健康的关怀，都在这些细节里,时政
http://www.chinanews.com/gn/2023/07-13/10042645.shtml,7-13 22:52,全力以赴保供 各地多措并举打好保障能源安全“持久战”,时政
http://www.chinanews.com/sh/2023/07-13/10042644.shtml,7-13 22:51,“10+3青年科学家”南宁共话国际卫生健康合作,社会
http://www.chinanews.com/cul/2023/07-13/10042643.shtml,7-13 22:50,海内外专家聚焦红山文化 探寻中华文明之源,文化
http://www.chinanews.com/gn/2023/07-13/10042642.shtml,7-13 22:48,各地强化汛期灾害防范应对 黄河防汛及水旱灾害防御Ⅳ级应急响应启动,时政
http://www.chinanews.com/cj/2023/07-13/10042636.shtml,7-13 22:47,上半年中国国内旅游总人次23.84亿 国内旅游收入2.3万亿元,财经
http://www.chinanews.com/gn/2023/07-13/10042635.shtml,7-13 22:47,第十四届两岸电影展台北场开幕 八部大陆电影赴台展映,时政
http://www.chinanews.com/gj/2023/07-13/10042633.shtml,7-13 22:46,中亚安全与合作论坛在哈萨克斯坦举行,国际
http://www.chinanews.com/sh/2023/07-13/10042641.shtml,7-13 22:46,拓宽渠道 完善服务 各地方各高校推出务实举措促就业,社会
http://www.chinanews.com/sh/2023/07-13/10042632.shtml,7-13 22:45,11国青少年上海体验中医文化,社会
http://www.chinanews.com/shipin/cns/2023/07-13/news964656.shtml,7-13 22:45,重庆青年剧团在美重启“中国戏剧之夜”,视频
http://www.chinanews.com/shipin/cns-d/2023/07-13/news964655.shtml,7-13 22:45,第22届环湖赛第五赛段：意大利车手扎农塞洛大集团冲刺夺冠,视频
http://www.chinanews.com/shipin/cns-d/2023/07-13/news964654.shtml,7-13 22:45,李家超颁授首届“行政长官表扬榜”奖状予特区救援队,视频
http://www.chinanews.com/sh/2023/07-13/10042637.shtml,7-13 22:44,【高质量发展调研行】北京：打造首都文化新名片,社会
http://www.chinanews.com/gj/2023/07-13/10042603.shtml,7-13 22:44,马来西亚有意重启吉隆坡至新加坡高铁计划,国际
http://www.chinanews.com/gj/2023/07-13/10042601.shtml,7-13 22:42,泰国国会未能选出新一任总理,国际
http://www.chinanews.com/sh/2023/07-13/10042631.shtml,7-13 22:38,甘肃夏河泥石流灾害失联人员遗体均已找到 搜救工作结束,社会
http://www.chinanews.com/gn/shipin/cns/2023/07-14/news964662.shtml,7-14 08:43,【阔步迈向网络强国】习言道 | 一“网”无前,视频
http://www.chinanews.com/gn/shipin/2023/07-14/news964663.shtml,7-14 08:41,五集政论片《中国式现代化》第四集《山河见证》,视频
http://www.chinanews.com/gj/2023/07-14/10042740.shtml,7-14 08:41,重磅！世卫宣布：阿斯巴甜可能致癌,国际
http://www.chinanews.com/shipin/cns-d/2023/07-14/news964661.shtml,7-14 08:36,【高质量发展调研行】在鸡蛋上雕花 中国自主研发数控机床能有多精密？,视频
http://www.chinanews.com/gn/shipin/2023/07-14/news964659.shtml,7-14 08:24,【新思想引领新征程】加快网络强国建设 共创美好数字未来,视频
http://www.chinanews.com/life/2023/07-14/10042732.shtml,7-14 08:21,世卫组织国际癌症研究机构：阿斯巴甜是可能的致癌物,生活
http://www.chinanews.com/cj/2023/07-14/10042729.shtml,7-14 08:14,暑假去哪玩？14地发超5亿元文旅券，多景区凭证免票,财经
http://www.chinanews.com/gj/2023/07-14/10042731.shtml,7-14 08:12,北约峰会过后，普京谈到这些……,国际
http://www.chinanews.com/gn/2023/07-14/10042728.shtml,7-14 08:07,【新思想引领新征程】加快网络强国建设 共创美好数字未来,时政
http://www.chinanews.com/sh/2023/07-14/10042727.shtml,7-14 08:06,东北地区内蒙古等地有较强降雨 南方高温天气持续,社会
http://www.chinanews.com/sh/shipin/cns-d/2023/07-14/news964658.shtml,7-14 07:55,四川雅安：七旬老人6年缝制近4万双鞋垫 只送不卖,视频
http://www.chinanews.com/sh/shipin/cns-d/2023/07-14/news964657.shtml,7-14 07:52,洞庭湖城陵矶站现历史同期最低水位,视频
http://www.chinanews.com/ty/2023/07-14/10042723.shtml,7-14 07:51,中国女排3比1巴西女排,体育
http://www.chinanews.com/tp/hd2011/2023/07-14/1071921.shtml,7-14 07:46,中国最大电化学储能电站在新疆喀什全容量并网发电,图片
http://www.chinanews.com/cj/2023/07-14/10042721.shtml,7-14 07:43,上半年中国经济表现如何？有哪些新变化？权威分析来了,财经
http://www.chinanews.com/cj/2023/07-14/10042720.shtml,7-14 07:42,让数据“跑腿” 智能收储确保夏粮颗粒归仓,财经
http://www.chinanews.com/ty/2023/07-14/10042719.shtml,7-14 07:40,世界女排联赛总决赛：中国战胜巴西晋级四强,体育
http://www.chinanews.com/cj/2023/07-14/10043032.shtml,7-14 16:13,广西西江生态旅游带赴粤推介 发布四条主题线路,财经
http://www.chinanews.com/gn/2023/07-14/10043063.shtml,7-14 16:12,西藏拉萨：3D彩绘为乡村振兴添彩赋能,时政
http://www.chinanews.com/gn/2023/07-14/10043055.shtml,7-14 16:12,全总：2023至2025年计划累计新发展新就业形态劳动者会员1000万人,时政
http://www.chinanews.com/gn/2023/07-14/10043047.shtml,7-14 16:12,2022年山东法院新收行政一审案件26397件 六类案件数量占比超五成,时政
http://www.chinanews.com/cul/2023/07-14/10043060.shtml,7-14 16:11,榆林镇北台为什么被称为“万里长城第一台”？“打卡中国”参访团一探究竟,文化
http://www.chinanews.com/cul/2023/07-14/10043057.shtml,7-14 16:11,神木石峁遗址如何“石破天惊”？“打卡中国”参访团在石头城找答案,文化
http://www.chinanews.com/gn/2023/07-14/10043044.shtml,7-14 16:11,“中国现代会计之父”诞辰130周年 潘序伦信件手稿等首度亮相,时政
http://www.chinanews.com/sh/2023/07-14/10043050.shtml,7-14 16:10,浙江启动国产带状疱疹疫苗接种,社会
http://www.chinanews.com/cul/2023/07-14/10043029.shtml,7-14 16:10,京港青少年携手小提琴家吕思清 共同演绎中外名曲,文化
http://www.chinanews.com/gn/2023/07-14/10043068.shtml,7-14 16:10,国防部新闻发言人谭克非就近期涉军问题答记者问,时政
http://www.chinanews.com/cj/2023/07-14/10043051.shtml,7-14 16:09,“比翼双飞”试运行三年 杭州机场双跑道正式独立运行,财经
http://www.chinanews.com/cj/2023/07-14/10043053.shtml,7-14 16:09,提升12条重点产业链 江西发布“产业链现代化‘1269’行动计划”,财经
http://www.chinanews.com/cj/2023/07-14/10043054.shtml,7-14 16:08,云南茶叶、花卉等8个“土特产”全产业链产值突破1200亿元,财经
http://www.chinanews.com/sh/2023/07-14/10043042.shtml,7-14 16:07,山东烟台破获一起走私螃蟹案 涉案水产品1万余斤,社会
http://www.chinanews.com/cj/2023/07-14/10043061.shtml,7-14 16:06,浙江“八八战略”： 台州如何垦荒“小微金融”自留地？,财经
http://www.chinanews.com/cj/2023/07-14/10043046.shtml,7-14 16:04,北京9月起上调月最低工资标准,财经
http://www.chinanews.com/sh/2023/07-14/10043036.shtml,7-14 16:02,山西大同“新农人”故事里的小黄花：从三尺讲台到忘忧农场,社会
http://www.chinanews.com/ty/2023/07-14/10043043.shtml,7-14 16:01,（成都大运纪事）马来西亚“乒乓姑娘”邓薏琳：期待成都大运会开幕式,体育
http://www.chinanews.com/dwq/2023/07-14/10043021.shtml,7-14 15:59,国泰航空6月份载客逾154万人次 按年增逾9倍,湾区
http://www.chinanews.com/tp/hd2011/2023/07-14/1072036.shtml,7-14 22:44,杭州亚残运会迎来100天倒计时,图片
http://www.chinanews.com/cj/2023/07-14/10043411.shtml,7-14 22:44,超380亿元！前6个月跨省异地电子缴税超27万笔,财经
http://www.chinanews.com/gn/2023/07-14/10043410.shtml,7-14 22:40,【每日一习话】建设安澜长江,时政
http://www.chinanews.com/ty/2023/07-14/10043408.shtml,7-14 22:33,亚残运会发布宣传片 《追梦》透过黑暗看见光,体育
http://www.chinanews.com/gn/2023/07-14/10043409.shtml,7-14 22:33,把幸福之路铺得更宽更远 习近平这样寄语上海合作组织,时政
http://www.chinanews.com/ty/2023/07-14/10043407.shtml,7-14 22:32,杭州亚残运会奖牌诞生记：枝头摘“桂子”，市花与玉璧如何“珠联璧合”,体育
http://www.chinanews.com/gn/shipin/2023/07-14/news964770.shtml,7-14 22:31,【每日一习话】建设安澜长江,视频
http://www.chinanews.com/ty/2023/07-14/10043396.shtml,7-14 22:29,福冈游泳世锦赛拉开帷幕 中国队期待新突破,体育
http://www.chinanews.com/tp/hd2011/2023/07-14/1072027.shtml,7-14 22:28,上海合作组织成员国青少年夏令营暨“上合小记者”系列活动在北京举行,图片
http://www.chinanews.com/gj/2023/07-14/10043397.shtml,7-14 22:27,马来西亚和新加坡有意建“柔佛-新加坡经济特区”,国际
http://www.chinanews.com/gj/2023/07-14/10043395.shtml,7-14 22:26,马来西亚总理视频会晤马斯克 双方将在多领域合作,国际
http://www.chinanews.com/cj/2023/07-14/10043394.shtml,7-14 22:26,湖南超级地下工程装备研制整体达到国际领先水平,财经
http://www.chinanews.com/shipin/cns-d/2023/07-14/news964769.shtml,7-14 22:25,杭州亚残运会倒计时100天主题活动举行 亚残运会奖牌首次亮相,视频
http://www.chinanews.com/shipin/cns-d/2023/07-14/news964768.shtml,7-14 22:25,这一百年品牌，宣布停业！,视频
http://www.chinanews.com/shipin/cns-d/2023/07-14/news964767.shtml,7-14 22:25,公安部：赴海南岛旅游 应小心“无意间”发生“套代购”走私行为,视频
http://www.chinanews.com/shipin/cns-d/2023/07-14/news964766.shtml,7-14 22:25,广西柳州吸引异地人才  求职可申请免费“拎包入住”,视频
http://www.chinanews.com/shipin/cns-d/2023/07-14/news964765.shtml,7-14 22:25,河北：大学生牵手乡村儿童手绘长城,视频
http://www.chinanews.com/shipin/cns-d/2023/07-14/news964764.shtml,7-14 22:25,外媒：克宫称考虑给予瓦格纳组织合法地位,视频
http://www.chinanews.com/cj/2023/07-14/10043363.shtml,7-14 22:25,世界黄金协会：2023年上半年全球黄金ETF需求转负,财经
http://www.chinanews.com/gn/2023/07-14/10043320.shtml,7-14 22:25,航天专家谈中国载人登月初步方案：安全可靠又快速可达,时政
http://www.chinanews.com/shipin/cns-d/2023/07-14/news964763.shtml,7-14 22:25,夏日练兵正当时！直击上海宝山特警野外夏训现场,视频
http://www.chinanews.com/sh/2023/07-14/10043366.shtml,7-14 22:23,中国即将进入“七下八上”防汛关键期 官方研究部署防汛救灾重点工作,社会
http://www.chinanews.com/gn/2023/07-14/10043364.shtml,7-14 22:21,王毅出席第13届东亚峰会外长会,时政
http://www.chinanews.com/cj/2023/07-14/10043388.shtml,7-14 22:21,珠江水系货运量居世界第二 将添出海大通道,财经
http://www.chinanews.com/gn/2023/07-14/10043386.shtml,7-14 22:21,教育部体育卫生与艺术教育司原司长王登峰受审 涉案逾5000万元,时政
http://www.chinanews.com/sh/2023/07-14/10043371.shtml,7-14 22:21,甘肃高校中亚学子“表彰会”谈“研学往事”：收获了更多跨国友谊,社会
http://www.chinanews.com/sh/2023/07-14/10042983.shtml,7-14 15:12,2023上海书展定于8月16日至22日举办,社会
http://www.chinanews.com/cj/2023/07-14/10042985.shtml,7-14 15:10,（高质量发展调研行）“北京设计+保定制造”  轨道交通列车成京津冀协同发展“新名片”,财经
http://www.chinanews.com/sh/shipin/cns/2023/07-14/news964696.shtml,7-14 15:08,台湾博士福建海岛上忙营造：乡建乡创需要共生和扎根,视频
http://www.chinanews.com/gn/2023/07-14/10042987.shtml,7-14 15:07,海关总署：坚决有效遏制走私的多发、高发势头,时政
http://www.chinanews.com/tp/hd2011/2023/07-14/1071953.shtml,7-14 15:05,【图片故事】水下“孙悟空”：每一个动作都要反复练习,图片
http://www.chinanews.com/tp/2023/07-14/10042982.shtml,7-14 15:02,福建福州：加强动车“体检” 迎暑运,图片
http://www.chinanews.com/cj/2023/07-14/10042981.shtml,7-14 14:56,平台企业创新引领赋能实体经济,财经
http://www.chinanews.com/sh/2023/07-14/10042975.shtml,7-14 14:49,北京二季度高技能人才月平均薪酬中位值均过万元,社会
http://www.chinanews.com/gn/2023/07-14/10042974.shtml,7-14 14:46,中国新一代中型运载火箭通用氢氧末级完成综合性试车考核,时政
http://www.chinanews.com/gn/2023/07-14/10042969.shtml,7-14 14:44,公安部：今年以来依法立案侦办走私等违法犯罪案件2520起,时政
http://www.chinanews.com/gn/2023/07-14/10042972.shtml,7-14 14:42,助力京津冀协同发展 三地民建共议联动共融新路径,时政
http://www.chinanews.com/gn/2023/07-14/10042967.shtml,7-14 14:42,广西“鱼米之乡”：稻飘香 粮满仓,时政
http://www.chinanews.com/gn/2023/07-14/10042953.shtml,7-14 14:39,专访汇丰前主席范智廉：需警惕个别国家以优化供应链为由搞保护主义,时政
http://www.chinanews.com/dwq/2023/07-14/10042965.shtml,7-14 14:39,粤港澳大湾区首个跨境生产药品正式投产上市,湾区
http://www.chinanews.com/gn/2023/07-14/10042970.shtml,7-14 14:39,学习语丨中国式现代化关键在科技现代化 ,时政
http://www.chinanews.com/cj/2023/07-14/10042949.shtml,7-14 14:37,【跨国企业在中国】昕诺飞全球高级副总裁王昀：中国是昕诺飞的“第二故乡”,财经
http://www.chinanews.com/sh/2023/07-14/10042944.shtml,7-14 14:33,新疆阿合奇边境线上的三代巡边人 传递守边“接力棒”,社会
http://www.chinanews.com/sh/2023/07-14/10042968.shtml,7-14 14:33,余华英拐卖儿童案庭审结束：检方建议判死刑，法庭择期宣判,社会
http://www.chinanews.com/cul/2023/07-14/10042945.shtml,7-14 14:32,《中华医藏》首批图书发布仪式在北京举行,文化
http://www.chinanews.com/cul/2023/07-14/10042954.shtml,7-14 14:31,中国少数民族三大英雄史诗在新疆乌恰县同台汇演,文化
http://www.chinanews.com/cj/2023/07-13/10042548.shtml,7-13 21:33,金上—湖北特高压工程四川段开建 预计2025年建成,财经
http://www.chinanews.com/gn/2023/07-13/10042562.shtml,7-13 21:33,守望相助 同舟共济 习近平这样阐述上海合作组织命运共同体,时政
http://www.chinanews.com/gj/2023/07-13/10042529.shtml,7-13 21:33,“美丽河北·风雅燕赵”民族音乐会在首尔举办,国际
http://www.chinanews.com/cj/2023/07-13/10042549.shtml,7-13 21:32,暑期旅游市场火热  市民需做足攻略防“踩坑”,财经
http://www.chinanews.com/sh/2023/07-13/10042550.shtml,7-13 21:32,新疆煤炭矿产行业专场招聘会提供逾3400个就业岗位,社会
http://www.chinanews.com/gj/2023/07-13/10042490.shtml,7-13 21:32,“中国山水看九江” 九江文化旅游专场推介会在东京举办,国际
http://www.chinanews.com/cj/2023/07-13/10042552.shtml,7-13 21:32,（高质量发展调研行）中德产业园：以经济技术相互成就 奏响中外合作“交响曲”,财经
http://www.chinanews.com/cj/2023/07-13/10042554.shtml,7-13 21:31,中国最大电化学储能电站在新疆喀什全容量并网发电,财经
http://www.chinanews.com/gj/2023/07-13/10042493.shtml,7-13 21:31,中国驻日本大使吴江浩出席“2023中国节”启动仪式,国际
http://www.chinanews.com/gj/2023/07-13/10042561.shtml,7-13 21:30,乌克兰军方：已收到美国提供的集束炸弹,国际
http://www.chinanews.com/cj/shipin/cns-d/2023/07-13/news964639.shtml,7-13 21:27,林毅夫谈“脱钩断链”“去风险”：杀敌一千，自损至少一千,视频
http://www.chinanews.com/sh/shipin/cns-d/2023/07-13/news964638.shtml,7-13 21:26,“渝”见敦煌 重庆上演光影艺术展还原千年丝路传奇,视频
http://www.chinanews.com/gn/2023/07-13/10042449.shtml,7-13 21:26,马凯硕：所谓“债务陷阱”是对第三世界国家智慧的侮辱，是西方显示“优越性”的方式,时政
http://www.chinanews.com/gj/2023/07-13/10042459.shtml,7-13 21:26,俄乌局势进展：七国集团签署乌克兰长期安全框架 俄外交部称北约重回冷战模式,国际
http://www.chinanews.com/cj/shipin/cns-d/2023/07-13/news964637.shtml,7-13 21:25,广汕高铁有序联调联试 广州至汕尾高铁运行时间将缩短一半,视频
http://www.chinanews.com/cj/shipin/cns-d/2023/07-13/news964636.shtml,7-13 21:22,林毅夫：发展中国家债务40%以上来自发达国家 抹黑中国经不起推敲,视频
http://www.chinanews.com/gn/shipin/cns/2023/07-13/news964640.shtml,7-13 21:21,【“一带一路”10周年·访谈】林毅夫：“一带一路”倡议为世界提供“稳定的锚”,视频
http://www.chinanews.com/tp/hd2011/2023/07-13/1071917.shtml,7-13 21:19,香港举行“行政长官表扬榜”颁奖典礼,图片
http://www.chinanews.com/cj/2023/07-13/10042553.shtml,7-13 21:19,我国对“一带一路”沿线国家进出口增速接近两位数,财经
http://www.chinanews.com/cj/2023/07-13/10042547.shtml,7-13 21:16,民营企业数量和贸易规模稳中有增 具有五六七八九特征,财经
http://www.chinanews.com/gn/2023/07-13/10042543.shtml,7-13 21:12,推进森林城市建设 加大乡土树种草种在城市绿化中的运用,时政
http://www.chinanews.com/gn/2023/07-14/10042825.shtml,7-14 10:59,福建各部门多管齐下 高频次组织招聘活动 帮助毕业生求职就业,时政
http://www.chinanews.com/gn/2023/07-14/10042824.shtml,7-14 10:58,湖南建立“校内提前上岗、赴企真实在岗、就业优先选岗”就业模式,时政
http://www.chinanews.com/sh/2023/07-14/10042819.shtml,7-14 10:58,访企拓岗 精准帮扶 护航毕业生就业路,社会
http://www.chinanews.com/gn/2023/07-14/10042815.shtml,7-14 10:57,跟着总书记看中国丨思想伟力 激荡荆楚,时政
http://www.chinanews.com/gn/2023/07-13/10042634.shtml,7-13 22:37,《中华人民共和国领事保护与协助条例》公布,时政
http://www.chinanews.com/gj/2023/07-13/10042599.shtml,7-13 22:33,中国驻德国大使馆发言人就德国政府“中国战略”表明立场,国际
http://www.chinanews.com/gn/2023/07-13/10042607.shtml,7-13 22:33,全国台联第二十届台胞青年千人夏令营黑龙江分营开营,时政
http://www.chinanews.com/gn/2023/07-13/10042602.shtml,7-13 22:33,全球首台“玲龙一号”反应堆核心模块通过出厂验收,时政
http://www.chinanews.com/gn/2023/07-13/10042630.shtml,7-13 22:32,建设网络强国 助力民族复兴——以习近平同志为核心的党中央引领网信事业发展述评,时政
http://www.chinanews.com/cj/2023/07-13/10042609.shtml,7-13 22:31,报告称大部分受访金融科技行业表现出较强的发展韧性和风险抵御能力,财经
http://www.chinanews.com/dwq/2023/07-13/10042600.shtml,7-13 22:31,香港特区救援队获颁首届“行政长官表扬榜”,湾区
http://www.chinanews.com/tp/2023/07-13/10042606.shtml,7-13 22:31,安徽肥西：幼儿暑托班 快乐过暑假,图片
http://www.chinanews.com/ty/2023/07-13/10042598.shtml,7-13 22:31,第22届环湖赛第五赛段：意大利车手扎农塞洛大集团冲刺夺冠,体育
http://www.chinanews.com/gn/2023/07-13/10042611.shtml,7-13 22:31,2023年博爱法治论坛在沪举行 法治促民营经济发展,时政
http://www.chinanews.com/gn/2023/07-13/10042608.shtml,7-13 22:31,第5届10+3青年科学家论坛在广西南宁举行,时政
http://www.chinanews.com/cj/2023/07-13/10042612.shtml,7-13 22:31,“特种兵式”旅游遇上暑期出游 江苏省消保委发布提醒,财经
http://www.chinanews.com/tp/2023/07-13/10042605.shtml,7-13 22:31,海拔4100米“果超”联赛以球会友 激情开赛,图片
http://www.chinanews.com/ty/2023/07-13/10042615.shtml,7-13 22:30,杭州亚运会预售阶段第二批项目门票将启动销售,体育
http://www.chinanews.com/cj/2023/07-13/10042604.shtml,7-13 22:28,广东实施质量强省建设纲要 提升产业质量竞争力,财经
http://www.chinanews.com/hr/2023/07-13/10042614.shtml,7-13 22:28,美国华裔少年“做客”上海之巅，“穿越”到《清明上河图》,华人
http://www.chinanews.com/sh/2023/07-14/10042718.shtml,7-14 07:35,高温预警！江南华南等地部分地区最高气温可达37℃至39℃,社会
http://www.chinanews.com/sh/2023/07-14/10042717.shtml,7-14 07:34,暴雨预警！黑吉辽等地部分地区有大到暴雨 局地伴有强对流天气,社会
http://www.chinanews.com/sh/2023/07-14/10042716.shtml,7-14 07:24,强对流预警！内蒙古等7省区部分地区将有8至10级雷暴大风或冰雹,社会
http://www.chinanews.com/chuangyi/2023/07-14/10042715.shtml,7-14 07:00,AI眼中的中国｜湘见，这就是长沙味,创意
http://www.chinanews.com/sh/2023/07-14/10042714.shtml,7-14 06:25,越刷越心累 86.1%受访者会漫无目的刷手机,社会
http://www.chinanews.com/gj/2023/07-14/10042713.shtml,7-14 06:07,加拿大西海岸港口大罢工持续13天 劳资双方达成临时协议,国际
http://www.chinanews.com/gj/2023/07-14/10042712.shtml,7-14 06:07,中国驻英大使郑泽光就英政府涉港错误言行提出严正交涉,国际
http://www.chinanews.com/gj/2023/07-14/10042711.shtml,7-14 06:06,美国药管局批准首款非处方口服避孕药,国际
http://www.chinanews.com/cj/2023/07-14/10042710.shtml,7-14 06:03,强监管解决网约车“成长烦恼”,财经
http://www.chinanews.com/cj/2023/07-14/10042709.shtml,7-14 06:03,民营企业成为外贸稳增长主力,财经
http://www.chinanews.com/gj/2023/07-14/10042708.shtml,7-14 06:02,能源合作“照亮”中巴经济走廊,国际
http://www.chinanews.com/gj/2023/07-14/10042707.shtml,7-14 06:02,阿联酋加快推动私营企业本地化,国际
http://www.chinanews.com/cj/2023/07-14/10042706.shtml,7-14 06:02,6月居民贷款新增9639亿元 居民为何又爱借钱了,财经
http://www.chinanews.com/cj/2023/07-14/10042705.shtml,7-14 06:02,数字化激活种质资源价值,财经
http://www.chinanews.com/cj/2023/07-14/10042704.shtml,7-14 06:02,上半年发送旅客17.7亿人次 铁路“火车头”作用凸显,财经
http://www.chinanews.com/gj/2023/07-14/10042703.shtml,7-14 05:55,“日本境内流离失所者的人权面临诸多挑战”,国际
http://www.chinanews.com/sh/2023/07-14/10042702.shtml,7-14 05:35,加大金融支持！上半年银行信贷重点投放制造业、涉农等领域,社会
http://www.chinanews.com/cj/2023/07-14/10042701.shtml,7-14 05:33,久违了 A股港股全线“飘红” 两市成交额突破9000亿元,财经
http://www.chinanews.com/cj/2023/07-14/10042700.shtml,7-14 05:33,全球央行持续买入黄金个人投资跟还是不跟？,财经
http://www.chinanews.com/gn/2023/07-14/10043059.shtml,7-14 15:58,外交部谈领事保护与协助条例：将全力维护海外中国公民和机构安全与正当权益,时政
http://www.chinanews.com/gj/2023/07-14/10043022.shtml,7-14 15:58,外媒：乌克兰已收到集束弹药 承诺将有限使用,国际
http://www.chinanews.com/cj/2023/07-14/10043056.shtml,7-14 15:56,登记在册民营企业超5000万户,财经
http://www.chinanews.com/cul/2023/07-14/10043045.shtml,7-14 15:56,专家学者探甘肃庆阳北石窟寺保护利用“新题”,文化
http://www.chinanews.com/tp/2023/07-14/10043040.shtml,7-14 15:55,广西宁明县50余人绘制百米书画长卷,图片
http://www.chinanews.com/tp/hd2011/2023/07-14/1071966.shtml,7-14 15:53,重庆武警：加强水上训练 提升汛期救援能力,图片
http://www.chinanews.com/gn/2023/07-14/10043026.shtml,7-14 15:53,国防部：星河璀璨 不容黩武者散布硝烟、鼓动军备竞赛,时政
http://www.chinanews.com/gn/2023/07-14/10043023.shtml,7-14 15:52,《习近平著作选读》学习笔记：充分发挥工人阶级的重要作用 ,时政
http://www.chinanews.com/cul/2023/07-14/10043037.shtml,7-14 15:51,《中国短视频大会》开播,文化
http://www.chinanews.com/gj/shipin/cns-d/2023/07-14/news964703.shtml,7-14 15:51,中国常驻联合国代表张军阐述中方在朝鲜半岛问题上的立场,视频
http://www.chinanews.com/gn/2023/07-14/10043034.shtml,7-14 15:50,日本用800亿日元补贴福岛涉渔产业 中方：若非心虚为何用“补偿费”息事宁人？,时政
http://www.chinanews.com/sh/shipin/cns-d/2023/07-14/news964702.shtml,7-14 15:50,【高质量发展调研行】北京文化消费场景焕新 798艺术区蝶变升级,视频
http://www.chinanews.com/cj/2023/07-14/10043024.shtml,7-14 15:49,距离实现自动驾驶还有多远？专家称应形成合力攻克难题,财经
http://www.chinanews.com/gj/shipin/cns-d/2023/07-14/news964701.shtml,7-14 15:48,中国常驻联合国代表：北约是真正的麻烦制造者,视频
http://www.chinanews.com/gn/2023/07-14/10043018.shtml,7-14 15:45,阔步迈向网络强国｜加快发展网络信息技术 习近平指明方向,时政
http://www.chinanews.com/gn/2023/07-14/10043015.shtml,7-14 15:45,国防部：坚决反对以霸权行霸道 坚定做更好更强的自己 ,时政
http://www.chinanews.com/gn/2023/07-14/10043390.shtml,7-14 22:20,侨界人士何以传承好中华文化？三幅古地图“刷新”文化观,时政
http://www.chinanews.com/cj/2023/07-14/10043337.shtml,7-14 22:20,大众汽车集团（中国）上半年新能源车型交付量同比增长4.8%,财经
http://www.chinanews.com/ty/2023/07-14/10043362.shtml,7-14 22:20,又是球场暴力！中国足协再开两张罚单，多人被重罚,体育
http://www.chinanews.com/cj/2023/07-14/10043310.shtml,7-14 22:19,上半年中国南方五省区用电量同比增长5.4%,财经
http://www.chinanews.com/gn/2023/07-14/10043392.shtml,7-14 22:19,上海基层统一战线同心同向汇力量 积极投身社会公益,时政
http://www.chinanews.com/cj/2023/07-14/10043325.shtml,7-14 22:19,强化经营主体信用监管 中国开展专项行动整治严重失信行为,财经
http://www.chinanews.com/cj/2023/07-14/10043328.shtml,7-14 22:19,湖南靖州乡村抱团联盟“强”产业 集体经济“暖”民心,财经
http://www.chinanews.com/ty/2023/07-14/10043311.shtml,7-14 22:19,年轻选手上阵龙舟、独竹漂比赛 在民族传统体育中展现青春力量,体育
http://www.chinanews.com/gn/2023/07-14/10043393.shtml,7-14 22:19,学习笔记：总书记四次调研对主题教育提出了这些要求,时政
http://www.chinanews.com/sh/2023/07-14/10043387.shtml,7-14 22:18,中国残联：守住了残疾人不发生规模性返贫的底线,社会
http://www.chinanews.com/cul/2023/07-14/10043389.shtml,7-14 22:18,未成年人团队预约、实名注册防倒票 故宫国博多措应对暑期汹涌人流,文化
http://www.chinanews.com/sh/shipin/2023/07-14/news964695.shtml,7-14 14:29,小新Talkshow：大森林里21℃的夏天是什么体验,视频
http://www.chinanews.com/cj/2023/07-14/10042946.shtml,7-14 14:27,（经济观察）中国加快建设现代化产业体系有何深意？,财经
http://www.chinanews.com/sh/shipin/cns-d/2023/07-14/news964691.shtml,7-14 14:25,中国三大英雄史诗在新疆克州展演 ,视频
http://www.chinanews.com/shipin/cns/2023/07-14/news964692.shtml,7-14 14:24,【跨国企业在中国】昕诺飞全球高级副总裁王昀：中国是昕诺飞的“第二故乡”,视频
http://www.chinanews.com/gn/2023/07-14/10042957.shtml,7-14 14:24,国家消防救援局：今年上半年全国共接报火灾55万起,时政
http://www.chinanews.com/tp/hd2011/2023/07-14/1071947.shtml,7-14 14:23,（成都大运纪事）成都大运会火炬继续在成都5所高校传递,图片
http://www.chinanews.com/cj/shipin/cns/2023/07-14/news964693.shtml,7-14 14:23,【“一带一路”10周年·访谈】汇丰前主席范智廉：保护主义政策是一种倒退,视频
http://www.chinanews.com/shipin/cns/2023/07-14/news964690.shtml,7-14 14:21,专访前国脚范志毅：县域、州域业余球队也是足球传承的关键,视频
http://www.chinanews.com/cj/shipin/cns-d/2023/07-14/news964688.shtml,7-14 14:21,央行：外汇市场预期基本稳定 既没有“大妈”也没有“大鳄”,视频
http://www.chinanews.com/sh/shipin/2023/07-14/news964694.shtml,7-14 14:20,星火成炬 | 服饰之美谓之华,视频
http://www.chinanews.com/ll/2023/07-14/10042913.shtml,7-14 14:20,全力做好粮食产后服务,理论
http://www.chinanews.com/cul/shipin/cns-d/2023/07-14/news964689.shtml,7-14 14:19,书店店员：米兰·昆德拉的书有难度 年轻读者很爱买,视频
http://www.chinanews.com/gn/2023/07-14/10042941.shtml,7-14 14:19,台媒：赖清德3度被台北地检署列为被告侦办,时政
http://www.chinanews.com/cj/2023/07-14/10042936.shtml,7-14 14:18,两千万辆 新起点新动能,财经
http://www.chinanews.com/gj/2023/07-14/10042809.shtml,7-14 10:56,北约黑手伸向亚太 暴露丑陋居心,国际
http://www.chinanews.com/gn/2023/07-14/10042827.shtml,7-14 10:55,两岸青年环骑北京：广交朋友，感受文化,时政
http://www.chinanews.com/sh/2023/07-14/10042833.shtml,7-14 10:55,重庆16个区县出现大暴雨 万州再现超200毫米降雨,社会
http://www.chinanews.com/sh/2023/07-14/10042805.shtml,7-14 10:54,托熟人、走关系可以让孩子上名校？警惕升学诈骗,社会
http://www.chinanews.com/tp/hd2011/2023/07-14/1071935.shtml,7-14 10:53,2023第十八届世界杯国际标准舞公开赛深圳开赛,图片
http://www.chinanews.com/gn/2023/07-14/10042830.shtml,7-14 10:53,新疆新能源装机突破5000万千瓦,时政
http://www.chinanews.com/cj/2023/07-14/10042831.shtml,7-14 10:53,制止乱收费！山西开展行业协会商会乱收费清理整治,财经
http://www.chinanews.com/cj/2023/07-14/10042818.shtml,7-14 10:52,三峡机场航空口岸扩大开放通过验收,财经
http://www.chinanews.com/gn/2023/07-14/10042828.shtml,7-14 10:51,山西纪委监委通报6起破坏营商环境典型案例,时政
http://www.chinanews.com/gn/2023/07-14/10042823.shtml,7-14 10:51,【何以中国】中新网评：赓续历史文脉，维护世界文明多样性,时政
http://www.chinanews.com/gj/2023/07-14/10042813.shtml,7-14 10:49,中国常驻联合国代表阐述中国在朝鲜半岛问题上的立场,国际
http://www.chinanews.com/cj/2023/07-14/10042820.shtml,7-14 10:49,央行：房地产行业贷款增长呈现持续恢复态势,财经
http://www.chinanews.com/cj/2023/07-14/10042817.shtml,7-14 10:47,央行：目前没有出现通缩 下半年也不会有通缩风险,财经
http://www.chinanews.com/gn/shipin/cns/2023/07-14/news964671.shtml,7-14 10:47,【何以中国】让可持续发展的“黄山声音”传向世界,视频
http://www.chinanews.com/gj/2023/07-14/10042797.shtml,7-14 10:44,米歇尔·布洛克成为澳大利亚央行新任行长,国际
http://www.chinanews.com/gn/2023/07-14/10042804.shtml,7-14 10:43,做好科学教育加法 提升科学育人水平,时政
http://www.chinanews.com/gn/2023/07-14/10042816.shtml,7-14 10:43,破解“工科理科化”,时政
http://www.chinanews.com/tp/2023/07-13/10042593.shtml,7-13 22:28,合肥轨道设立70个“纳凉区” 为户外工作者及市民送清凉,图片
http://www.chinanews.com/tp/2023/07-13/10042587.shtml,7-13 22:28,广西大学生暑期“三下乡”  助力儿童快乐成长,图片
http://www.chinanews.com/sh/shipin/cns-d/2023/07-13/news964648.shtml,7-13 22:27,重庆大足：绿色荷花“金陵凝翠”开放正盛,视频
http://www.chinanews.com/dwq/2023/07-13/10042597.shtml,7-13 22:27,香港艺术馆推出中国书画双展,湾区
http://www.chinanews.com/sh/shipin/cns/2023/07-13/news964647.shtml,7-13 22:27,“手艺人”韩强：从装修工人到草根音乐人 用“手艺”追梦,视频
http://www.chinanews.com/cul/2023/07-13/10042613.shtml,7-13 22:27,关爱儿童快乐成长 原创儿童剧《淘淘冒险记之企鹅守护者》亮相上海,文化
http://www.chinanews.com/gn/2023/07-13/10042616.shtml,7-13 22:26,安徽完成15361个突出生态环境问题整改,时政
http://www.chinanews.com/gn/2023/07-13/10042618.shtml,7-13 22:26,江西省卫生健康行业网络安全技能大赛启动 培养专业人才,时政
http://www.chinanews.com/gn/shipin/2023/07-13/news964653.shtml,7-13 22:26,【理响中国·青年学习班】微视频 | 从“第二个结合”看如何担负起新的文化使命,视频
http://www.chinanews.com/gn/2023/07-13/10042619.shtml,7-13 22:26,全球首例半潜船+浮吊船安装海上升压站导管架成功完成,时政
http://www.chinanews.com/cj/2023/07-13/10042620.shtml,7-13 22:26,专家谈深化“八八战略”：如何让浙江经济走向更高质量？,财经
http://www.chinanews.com/gj/2023/07-13/10042596.shtml,7-13 22:25,马来西亚扫毒特别行动 三天扣押4700余人,国际
http://www.chinanews.com/gj/2023/07-13/10042589.shtml,7-13 22:25,《艺术中的中国故事》讲座在柏林中国文化中心举办,国际
http://www.chinanews.com/cul/shipin/2023/07-13/news964652.shtml,7-13 22:24,追本溯源：在博物馆里感受“方正之间的中华文明”,视频
http://www.chinanews.com/gj/2023/07-13/10042588.shtml,7-13 22:24,UNAIDS报告：2022年全球新增130万艾滋病病毒感染者,国际
http://www.chinanews.com/cj/2023/07-13/10042531.shtml,7-13 22:24,“开市”以来核发绿证约288万个 广西绿电助力企业扬帆“出海”,财经
http://www.chinanews.com/gn/2023/07-13/10042585.shtml,7-13 22:24,中国—东盟共话科技合作 为经济复苏注入科技新动能,时政
http://www.chinanews.com/sh/2023/07-14/10042699.shtml,7-14 05:33,暑假孩子们有了新去处 工会、社区暑期托管班开课…,社会
http://www.chinanews.com/ty/2023/07-14/10042698.shtml,7-14 05:27,体育培训消除“功利心”提高“性价比”,体育
http://www.chinanews.com/cj/2023/07-14/10042697.shtml,7-14 05:27,避暑旅游升温 避暑消费带火“暑热经济”,财经
http://www.chinanews.com/gn/2023/07-14/10043309.shtml,7-14 22:18,中国缉私部门连续7年打击“洋垃圾”走私 查证各类涉案固体废物659.9万吨,时政
http://www.chinanews.com/cj/2023/07-14/10043380.shtml,7-14 22:17,专家建议推动泛珠区域内重大战略联动 加快构建新发展格局,财经
http://www.chinanews.com/cj/2023/07-14/10043336.shtml,7-14 22:17,新疆若羌县万亩红枣示范基地开启“智慧枣园”新模式,财经
http://www.chinanews.com/cj/2023/07-14/10043384.shtml,7-14 22:17,首架上海援青旅游包机起航飞赴果洛 架起两地空中桥梁,财经
http://www.chinanews.com/cj/2023/07-14/10043308.shtml,7-14 22:17,港股本周连升5日 电信股造好,财经
http://www.chinanews.com/cj/2023/07-14/10043321.shtml,7-14 22:17,北京9月起上调最低工资标准,财经
http://www.chinanews.com/ty/2023/07-14/10043293.shtml,7-14 22:17,杭州亚残运会倒计时100天 发布盲人乘坐地铁指导手册,体育
http://www.chinanews.com/sh/2023/07-14/10042935.shtml,7-14 14:17,10多分钟救4人，一度力竭到休克，他说…… ,社会
http://www.chinanews.com/cj/2023/07-14/10042939.shtml,7-14 14:16,安徽公安助企高质量发展出实招：主动上门 服务靠前,财经
http://www.chinanews.com/cj/shipin/cns-d/2023/07-14/news964687.shtml,7-14 14:16,央行：上半年支持中小微企业融资8636亿元,视频
http://www.chinanews.com/cj/2023/07-14/10042928.shtml,7-14 14:16,“种地靠技术，增收有保障”（帮扶县驻村手记）,财经
http://www.chinanews.com/gn/2023/07-14/10042951.shtml,7-14 14:16,圆明园内寻踪文源阁 这座藏书楼为何以黑色琉璃瓦覆顶？,时政
http://www.chinanews.com/ll/2023/07-14/10042930.shtml,7-14 14:15,以学促干，形成狠抓落实的好局面,理论
http://www.chinanews.com/ga/shipin/cns-d/2023/07-14/news964686.shtml,7-14 14:15,香港西贡海域出现布氏鲸 专家：十分罕见,视频
http://www.chinanews.com/gn/2023/07-14/10042926.shtml,7-14 14:15,上半年长江干线港口吞吐量同比增长6.1%,时政
http://www.chinanews.com/gn/2023/07-14/10042924.shtml,7-14 14:15,人社部门多举措持续推进高校毕业生就业,时政
http://www.chinanews.com/gj/shipin/cns/2023/07-14/news964685.shtml,7-14 14:13,【“一带一路”10周年·访谈】中国在非制造“债务陷阱”？非盟委员会前副主席姆温查：那是荒诞的说法,视频
http://www.chinanews.com/gj/2023/07-14/10042948.shtml,7-14 14:12,俄“原子城”传出爆炸声！当地官员：乌克兰无人机坠落,国际
http://www.chinanews.com/ty/2023/07-14/10042923.shtml,7-14 14:10,大运来了·那些在大运会上闪耀的青春 梦想舞台等你来,体育
http://www.chinanews.com/tp/hd2011/2023/07-14/1071940.shtml,7-14 14:09,（聚焦中国高质量发展）“北京设计+保定制造”轨道交通列车成京津冀协同发展“新名片”,图片
http://www.chinanews.com/cj/2023/07-14/10042921.shtml,7-14 14:09,持续优化外商投资环境,财经
http://www.chinanews.com/gn/2023/07-14/10042938.shtml,7-14 14:09,南海东部将有热带低压生成 未来一周海南将迎强风雨,时政
http://www.chinanews.com/ll/2023/07-14/10042920.shtml,7-14 14:08,“坚持胸怀天下”的文明意蕴 ,理论
http://www.chinanews.com/ll/2023/07-14/10042919.shtml,7-14 14:07,植根优秀传统文化土壤的当代中国政治制度,理论
http://www.chinanews.com/ll/2023/07-14/10042916.shtml,7-14 14:06,在青春的赛道上跑出当代青年的最好成绩 ,理论
http://www.chinanews.com/cj/2023/07-14/10042940.shtml,7-14 14:06,上半年全国办理跨省异地电子缴税超过27万笔,财经
http://www.chinanews.com/ll/2023/07-14/10042915.shtml,7-14 14:04,担负起新时代新的文化使命 建设中华民族现代文明 ,理论
http://www.chinanews.com/gn/2023/07-14/10042931.shtml,7-14 14:03,新疆喀什市共建“陆海新通道+中吉乌通道”战略合作框架协议签约,时政
http://www.chinanews.com/gn/2023/07-14/10042929.shtml,7-14 14:01,专访非盟委员会前副主席姆温查：指责中国使非洲陷入“债务陷阱”是荒诞的,时政
http://www.chinanews.com/gn/2023/07-14/10042933.shtml,7-14 13:59,（高质量发展调研行）生态与产业共舞 福建霞浦向海而兴,时政
http://www.chinanews.com/gn/2023/07-14/10042934.shtml,7-14 13:59,三部门合作开展中小学教师科学素质提升培训,时政
http://www.chinanews.com/dwq/2023/07-14/10042927.shtml,7-14 13:57,外交部驻港公署发言人：乱港遏华枉费心机 威胁恫吓自食恶果,湾区
http://www.chinanews.com/ll/2023/07-14/10042914.shtml,7-14 13:51,理解经济向好信号，把握高质量发展意义 ,理论
http://www.chinanews.com/sh/2023/07-14/10042912.shtml,7-14 13:43,更好呵护少年儿童茁壮成长,社会
http://www.chinanews.com/gj/2023/07-14/10042814.shtml,7-14 10:42,日媒：日本火箭试验场突发爆炸 暂无人员受伤,国际
http://www.chinanews.com/cj/2023/07-14/10042807.shtml,7-14 10:37,央行：上半年新发放个人住房贷款加权平均利率为4.18%,财经
http://www.chinanews.com/gn/2023/07-14/10042801.shtml,7-14 10:36,AR视频访谈：C919的飞天路,时政
http://www.chinanews.com/gj/shipin/cns/2023/07-14/news964670.shtml,7-14 10:35,马来西亚籍留学生：中国注重创新和技术 取得巨大成就丨风华102载·世界观,视频
http://www.chinanews.com/cj/2023/07-14/10043367.shtml,7-14 22:17,中国三大航企预计上半年亏损约112亿元至141亿元  同比大幅减亏,财经
http://www.chinanews.com/ty/2023/07-14/10043330.shtml,7-14 22:17,（成都大运纪事）市民代表探访成都大运村 感受大运村文化魅力,体育
http://www.chinanews.com/sh/2023/07-14/10043291.shtml,7-14 22:17,浙江高校特派员暑期向田间地头出发 在大地“播种”知识,社会
http://www.chinanews.com/cul/2023/07-14/10043290.shtml,7-14 22:16,中国文联“建设中华民族现代文明与新时代文艺的使命”开启征稿,文化
http://www.chinanews.com/gj/2023/07-14/10043360.shtml,7-14 22:16,印度发射“月船3号”月球探测器,国际
http://www.chinanews.com/cj/2023/07-14/10043326.shtml,7-14 22:16,湖南传统粮食大县桃江高标准农田建设“高”在哪里？,财经
http://www.chinanews.com/dwq/2023/07-14/10043385.shtml,7-14 22:16,香港赛马会向广州从化捐赠逾1500万元 促进当地马产业等发展,湾区
http://www.chinanews.com/dwq/2023/07-14/10043383.shtml,7-14 22:16,福建厦门赴粤发布六大文旅线路 拓展大湾区市场,湾区
http://www.chinanews.com/sh/2023/07-14/10043289.shtml,7-14 22:16,陕西汉中朱鹮保护区：人工饲养朱鹮成功代养3只野外幼鸟,社会
http://www.chinanews.com/cul/2023/07-14/10043381.shtml,7-14 22:15,全新讲述“非遗”故事 《正好遇见你》研讨会举办,文化
http://www.chinanews.com/ty/2023/07-14/10043361.shtml,7-14 22:15,杭州亚残运会奖牌发布,体育
http://www.chinanews.com/sh/2023/07-14/10042911.shtml,7-14 13:43,为青少年营造清朗网络空间,社会
http://www.chinanews.com/ll/2023/07-14/10042910.shtml,7-14 13:42,能源保障和安全是“国之大者”,理论
http://www.chinanews.com/cj/2023/07-14/10042909.shtml,7-14 13:41,破立并举建设统一大市场,财经
http://www.chinanews.com/ll/2023/07-14/10042907.shtml,7-14 13:40,“一辈子办成一件事”的人生价值 ,理论
http://www.chinanews.com/cj/2023/07-14/10042925.shtml,7-14 13:40,高质领航 协作共赢——全国大学附属医院标杆之行第三站在上海举办,财经
http://www.chinanews.com/ll/2023/07-14/10042906.shtml,7-14 13:37,形成清清爽爽的同志关系,理论
http://www.chinanews.com/ll/2023/07-14/10042905.shtml,7-14 13:34,人民日报整版阐述：深刻理解和把握中国式现代化的本质要求·实现高质量发展,理论
http://www.chinanews.com/cj/2023/07-14/10043296.shtml,7-14 22:15,上海提高退休人员和城乡居保人员养老金,财经
http://www.chinanews.com/ty/2023/07-14/10043299.shtml,7-14 22:15,2023全国帆船冠军赛在辽宁大连开赛 百余名运动员驭风逐浪,体育
http://www.chinanews.com/sh/2023/07-14/10043242.shtml,7-14 22:15,河南淇河国家湿地公园孵化出鸟类“国宝”丹顶鹤,社会
http://www.chinanews.com/sh/2023/07-14/10043284.shtml,7-14 22:15,外卖小哥高丰：骑手也可以有“工匠精神”,社会
http://www.chinanews.com/sh/2023/07-14/10043287.shtml,7-14 22:14,天津多部门联合演练 提升防汛救援处置能力,社会
http://www.chinanews.com/cj/2023/07-14/10043305.shtml,7-14 22:14,乡约福建：古田水蜜桃果香飘 农旅结合助乡村振兴,财经
http://www.chinanews.com/cj/2023/07-14/10043278.shtml,7-14 22:14,华为：企业开发及实施大模型应用过程面临四大挑战,财经
http://www.chinanews.com/dwq/2023/07-14/10043236.shtml,7-14 22:14,首届“沪港创科金融论坛”在港举办 冀增强沪港联动,湾区
http://www.chinanews.com/gn/2023/07-14/10043273.shtml,7-14 22:14,中国外交部：指导驻外使领馆做好驻在国中国公民和机构的统计,时政
http://www.chinanews.com/gn/2023/07-14/10043235.shtml,7-14 22:13,今年以来中国缉私部门立案侦办走私等案件2520起 案值663.5亿元,时政
http://www.chinanews.com/cj/2023/07-14/10043272.shtml,7-14 22:13,中国证监会副主席：拓展私募基金募资渠道，促进行业高质量发展,财经
http://www.chinanews.com/cul/2023/07-14/10043382.shtml,7-14 22:13,以色列“我们的基布兹”农场文化节走进贵阳,文化
http://www.chinanews.com/cj/2023/07-14/10043270.shtml,7-14 22:13,“宁波经济奥斯卡”50强企业纳税超1000亿元 制造业占大头,财经
http://www.chinanews.com/sh/2023/07-14/10043314.shtml,7-14 22:13,山东各地破解暑期“带娃难” “花样”托管免费帮忙看孩子,社会
http://www.chinanews.com/cj/2023/07-14/10043233.shtml,7-14 22:13,央行副行长：目前外汇市场既没有“大妈”，也没有“大鳄”,财经
http://www.chinanews.com/cul/2023/07-14/10043269.shtml,7-14 22:12,打造“海味”文化品牌 浙江舟山新乡贤助力文化润海岛,文化
http://www.chinanews.com/cj/2023/07-14/10043313.shtml,7-14 22:12,长沙启动新一轮汽车促消费活动  新能源车每辆最高补贴6000元,财经
http://www.chinanews.com/hr/2023/07-14/10043256.shtml,7-14 22:12,2023（第九届）中国海归创业大赛落幕,华人
http://www.chinanews.com/gn/2023/07-14/10043300.shtml,7-14 22:12,第十一届职业教育与城市发展高层对话会在内蒙古举行,时政
http://www.chinanews.com/cj/2023/07-14/10043232.shtml,7-14 22:12,中国证监会同意合成橡胶期货及期权注册,财经
http://www.chinanews.com/sh/2023/07-14/10043302.shtml,7-14 22:12,广西柳州为吸引异地人才  打造公益驿站提供免费住宿,社会
http://www.chinanews.com/cj/2023/07-14/10043247.shtml,7-14 22:12,邹澜：中国房地产开发贷款需求明显增加，上半年同比多增约2000亿元,财经
